user_id,country,device,install_date
1,CA,PC,2025-01-07
2,IN,PC,2025-01-09
3,NG,PC,2025-01-07
4,DE,PC,2025-01-06
5,DE,PC,2025-01-05
6,BR,Android,2025-01-03
7,CA,Android,2025-01-03
8,NG,Android,2025-01-08
9,US,Android,2025-01-01
10,CA,PC,2025-01-01
11,DE,Android,2025-01-04
12,BR,Android,2025-01-08
13,IN,iOS,2025-01-07
14,IN,PC,2025-01-06
15,IN,Android,2025-01-06
16,IN,Android,2025-01-02
17,DE,Android,2025-01-04
18,CA,iOS,2025-01-01
19,IN,Android,2025-01-08
20,DE,PC,2025-01-08
21,DE,Android,2025-01-03
22,UK,iOS,2025-01-03
23,US,Android,2025-01-04
24,BR,iOS,2025-01-09
25,IN,Android,2025-01-05
26,NG,Android,2025-01-08
27,UK,iOS,2025-01-05
28,IN,PC,2025-01-07
29,DE,iOS,2025-01-06
30,DE,PC,2025-01-03
31,DE,PC,2025-01-09
32,US,iOS,2025-01-08
33,CA,Android,2025-01-08
34,DE,iOS,2025-01-10
35,BR,iOS,2025-01-03
36,CA,PC,2025-01-01
37,BR,PC,2025-01-06
38,IN,iOS,2025-01-04
39,US,iOS,2025-01-05
40,NG,iOS,2025-01-03
41,US,Android,2025-01-04
42,IN,iOS,2025-01-04
43,NG,iOS,2025-01-04
44,UK,Android,2025-01-08
45,CA,iOS,2025-01-06
46,BR,PC,2025-01-05
47,DE,PC,2025-01-02
48,BR,PC,2025-01-06
49,NG,iOS,2025-01-02
50,IN,PC,2025-01-04
51,IN,PC,2025-01-05
52,US,iOS,2025-01-02
53,UK,PC,2025-01-04
54,DE,Android,2025-01-03
55,DE,PC,2025-01-09
56,CA,Android,2025-01-09
57,DE,PC,2025-01-01
58,US,iOS,2025-01-07
59,IN,Android,2025-01-07
60,NG,iOS,2025-01-04
61,BR,iOS,2025-01-05
62,IN,iOS,2025-01-08
63,UK,Android,2025-01-04
64,BR,iOS,2025-01-01
65,UK,PC,2025-01-04
66,UK,Android,2025-01-03
67,BR,PC,2025-01-04
68,UK,PC,2025-01-03
69,CA,iOS,2025-01-02
70,DE,iOS,2025-01-10
71,IN,Android,2025-01-02
72,US,Android,2025-01-08
73,DE,iOS,2025-01-08
74,CA,PC,2025-01-07
75,NG,Android,2025-01-10
76,DE,PC,2025-01-01
77,UK,iOS,2025-01-04
78,US,PC,2025-01-02
79,DE,iOS,2025-01-06
80,NG,Android,2025-01-07
81,BR,Android,2025-01-09
82,DE,PC,2025-01-04
83,US,iOS,2025-01-03
84,IN,iOS,2025-01-10
85,NG,Android,2025-01-07
86,NG,Android,2025-01-08
87,CA,iOS,2025-01-05
88,UK,iOS,2025-01-05
89,IN,iOS,2025-01-04
90,IN,Android,2025-01-08
91,DE,Android,2025-01-03
92,IN,Android,2025-01-10
93,IN,PC,2025-01-02
94,UK,iOS,2025-01-05
95,BR,PC,2025-01-04
96,UK,PC,2025-01-07
97,US,iOS,2025-01-07
98,NG,iOS,2025-01-10
99,NG,iOS,2025-01-08
100,CA,iOS,2025-01-03
101,IN,Android,2025-01-03
102,US,iOS,2025-01-09
103,IN,iOS,2025-01-05
104,CA,Android,2025-01-01
105,IN,PC,2025-01-09
106,IN,iOS,2025-01-07
107,IN,PC,2025-01-01
108,NG,Android,2025-01-08
109,DE,PC,2025-01-07
110,NG,iOS,2025-01-07
111,US,Android,2025-01-09
112,IN,PC,2025-01-05
113,DE,iOS,2025-01-05
114,DE,PC,2025-01-07
115,DE,Android,2025-01-02
116,DE,Android,2025-01-02
117,CA,Android,2025-01-09
118,CA,Android,2025-01-03
119,US,iOS,2025-01-06
120,CA,PC,2025-01-03
121,DE,Android,2025-01-03
122,NG,PC,2025-01-06
123,NG,Android,2025-01-09
124,DE,Android,2025-01-05
125,IN,Android,2025-01-02
126,DE,PC,2025-01-03
127,CA,PC,2025-01-02
128,IN,PC,2025-01-09
129,NG,Android,2025-01-04
130,NG,PC,2025-01-04
131,DE,Android,2025-01-01
132,DE,Android,2025-01-05
133,CA,PC,2025-01-10
134,DE,iOS,2025-01-05
135,IN,PC,2025-01-07
136,UK,iOS,2025-01-02
137,NG,Android,2025-01-02
138,CA,Android,2025-01-08
139,UK,Android,2025-01-01
140,DE,Android,2025-01-05
141,BR,Android,2025-01-04
142,US,Android,2025-01-01
143,US,Android,2025-01-06
144,UK,Android,2025-01-10
145,BR,PC,2025-01-01
146,IN,Android,2025-01-09
147,CA,Android,2025-01-06
148,US,PC,2025-01-08
149,IN,PC,2025-01-01
150,CA,iOS,2025-01-09
151,IN,PC,2025-01-01
152,US,iOS,2025-01-10
153,BR,iOS,2025-01-07
154,UK,PC,2025-01-04
155,DE,iOS,2025-01-01
156,NG,PC,2025-01-07
157,CA,PC,2025-01-01
158,DE,PC,2025-01-07
159,DE,PC,2025-01-08
160,IN,PC,2025-01-03
161,BR,iOS,2025-01-03
162,NG,PC,2025-01-03
163,UK,iOS,2025-01-03
164,UK,iOS,2025-01-02
165,UK,iOS,2025-01-03
166,IN,Android,2025-01-07
167,UK,PC,2025-01-04
168,US,iOS,2025-01-08
169,UK,PC,2025-01-09
170,CA,Android,2025-01-08
171,CA,Android,2025-01-06
172,CA,PC,2025-01-04
173,IN,Android,2025-01-10
174,IN,Android,2025-01-03
175,NG,PC,2025-01-05
176,DE,Android,2025-01-05
177,IN,Android,2025-01-08
178,US,iOS,2025-01-06
179,BR,iOS,2025-01-08
180,DE,iOS,2025-01-10
181,BR,iOS,2025-01-04
182,US,iOS,2025-01-09
183,DE,PC,2025-01-02
184,NG,iOS,2025-01-10
185,DE,Android,2025-01-02
186,DE,PC,2025-01-09
187,US,PC,2025-01-04
188,UK,Android,2025-01-10
189,US,iOS,2025-01-02
190,UK,PC,2025-01-05
191,NG,iOS,2025-01-10
192,NG,PC,2025-01-01
193,NG,PC,2025-01-03
194,UK,iOS,2025-01-01
195,BR,PC,2025-01-04
196,CA,iOS,2025-01-04
197,UK,iOS,2025-01-07
198,CA,PC,2025-01-03
199,UK,PC,2025-01-02
200,BR,iOS,2025-01-02
201,UK,PC,2025-01-10
202,BR,PC,2025-01-10
203,DE,PC,2025-01-03
204,NG,iOS,2025-01-02
205,DE,iOS,2025-01-01
206,US,PC,2025-01-10
207,IN,PC,2025-01-08
208,BR,PC,2025-01-08
209,US,Android,2025-01-03
210,IN,iOS,2025-01-07
211,US,PC,2025-01-01
212,IN,iOS,2025-01-07
213,IN,Android,2025-01-06
214,DE,PC,2025-01-04
215,IN,Android,2025-01-08
216,US,iOS,2025-01-07
217,CA,iOS,2025-01-05
218,CA,Android,2025-01-02
219,DE,PC,2025-01-01
220,BR,Android,2025-01-10
221,CA,PC,2025-01-03
222,DE,iOS,2025-01-04
223,NG,PC,2025-01-07
224,US,PC,2025-01-03
225,IN,Android,2025-01-04
226,UK,PC,2025-01-08
227,IN,Android,2025-01-06
228,NG,Android,2025-01-07
229,DE,PC,2025-01-01
230,US,PC,2025-01-05
231,DE,PC,2025-01-05
232,IN,iOS,2025-01-07
233,CA,PC,2025-01-02
234,IN,iOS,2025-01-02
235,DE,Android,2025-01-08
236,IN,Android,2025-01-07
237,NG,Android,2025-01-09
238,DE,PC,2025-01-03
239,UK,PC,2025-01-10
240,NG,iOS,2025-01-03
241,CA,iOS,2025-01-07
242,NG,iOS,2025-01-02
243,CA,PC,2025-01-10
244,NG,Android,2025-01-04
245,NG,PC,2025-01-09
246,CA,PC,2025-01-04
247,IN,PC,2025-01-08
248,UK,iOS,2025-01-05
249,IN,iOS,2025-01-01
250,CA,Android,2025-01-02
251,US,Android,2025-01-07
252,DE,PC,2025-01-02
253,US,iOS,2025-01-03
254,UK,Android,2025-01-06
255,NG,iOS,2025-01-03
256,US,iOS,2025-01-02
257,NG,iOS,2025-01-07
258,CA,iOS,2025-01-07
259,US,Android,2025-01-08
260,NG,Android,2025-01-10
261,IN,Android,2025-01-02
262,US,Android,2025-01-05
263,UK,PC,2025-01-03
264,BR,PC,2025-01-10
265,BR,Android,2025-01-06
266,NG,Android,2025-01-01
267,DE,PC,2025-01-07
268,UK,PC,2025-01-01
269,NG,iOS,2025-01-03
270,NG,PC,2025-01-08
271,UK,iOS,2025-01-06
272,CA,Android,2025-01-08
273,US,Android,2025-01-06
274,BR,Android,2025-01-09
275,UK,iOS,2025-01-06
276,DE,PC,2025-01-01
277,DE,iOS,2025-01-01
278,IN,iOS,2025-01-08
279,CA,PC,2025-01-01
280,CA,PC,2025-01-04
281,US,iOS,2025-01-01
282,DE,PC,2025-01-04
283,NG,PC,2025-01-06
284,DE,iOS,2025-01-02
285,DE,Android,2025-01-05
286,BR,Android,2025-01-10
287,US,iOS,2025-01-01
288,NG,iOS,2025-01-01
289,DE,iOS,2025-01-03
290,DE,iOS,2025-01-09
291,IN,Android,2025-01-05
292,US,Android,2025-01-07
293,BR,iOS,2025-01-01
294,UK,iOS,2025-01-08
295,DE,iOS,2025-01-01
296,DE,PC,2025-01-08
297,IN,iOS,2025-01-02
298,DE,PC,2025-01-09
299,US,Android,2025-01-03
300,CA,PC,2025-01-02
301,UK,Android,2025-01-04
302,IN,iOS,2025-01-01
303,CA,Android,2025-01-02
304,BR,iOS,2025-01-06
305,DE,iOS,2025-01-04
306,CA,iOS,2025-01-04
307,UK,iOS,2025-01-09
308,DE,iOS,2025-01-02
309,UK,iOS,2025-01-04
310,CA,PC,2025-01-02
311,NG,Android,2025-01-05
312,NG,Android,2025-01-04
313,CA,PC,2025-01-01
314,US,iOS,2025-01-01
315,US,Android,2025-01-09
316,NG,PC,2025-01-01
317,IN,Android,2025-01-08
318,IN,Android,2025-01-10
319,BR,iOS,2025-01-05
320,IN,iOS,2025-01-04
321,UK,iOS,2025-01-08
322,CA,iOS,2025-01-10
323,NG,PC,2025-01-02
324,BR,Android,2025-01-10
325,BR,Android,2025-01-10
326,US,PC,2025-01-02
327,US,iOS,2025-01-01
328,CA,iOS,2025-01-08
329,CA,Android,2025-01-01
330,DE,PC,2025-01-07
331,DE,Android,2025-01-01
332,UK,PC,2025-01-07
333,UK,iOS,2025-01-03
334,IN,PC,2025-01-01
335,DE,iOS,2025-01-01
336,IN,iOS,2025-01-02
337,BR,Android,2025-01-06
338,UK,iOS,2025-01-01
339,US,PC,2025-01-09
340,BR,PC,2025-01-07
341,NG,Android,2025-01-03
342,UK,iOS,2025-01-10
343,NG,iOS,2025-01-07
344,DE,Android,2025-01-07
345,BR,Android,2025-01-02
346,US,PC,2025-01-08
347,BR,Android,2025-01-06
348,BR,iOS,2025-01-10
349,US,iOS,2025-01-05
350,US,PC,2025-01-07
351,DE,iOS,2025-01-04
352,CA,PC,2025-01-01
353,UK,iOS,2025-01-02
354,DE,PC,2025-01-09
355,BR,PC,2025-01-08
356,BR,Android,2025-01-04
357,US,iOS,2025-01-07
358,BR,PC,2025-01-01
359,CA,iOS,2025-01-01
360,IN,Android,2025-01-06
361,IN,PC,2025-01-07
362,BR,PC,2025-01-10
363,US,iOS,2025-01-08
364,BR,PC,2025-01-03
365,CA,iOS,2025-01-09
366,DE,PC,2025-01-05
367,DE,Android,2025-01-09
368,UK,iOS,2025-01-02
369,CA,Android,2025-01-01
370,IN,iOS,2025-01-01
371,UK,PC,2025-01-10
372,NG,iOS,2025-01-01
373,UK,iOS,2025-01-10
374,UK,Android,2025-01-08
375,BR,PC,2025-01-02
376,CA,Android,2025-01-09
377,IN,Android,2025-01-02
378,IN,Android,2025-01-02
379,UK,PC,2025-01-06
380,US,Android,2025-01-03
381,CA,PC,2025-01-03
382,BR,PC,2025-01-02
383,BR,PC,2025-01-07
384,US,PC,2025-01-01
385,CA,PC,2025-01-03
386,CA,iOS,2025-01-06
387,CA,PC,2025-01-05
388,IN,PC,2025-01-07
389,BR,iOS,2025-01-03
390,US,PC,2025-01-07
391,IN,iOS,2025-01-08
392,US,Android,2025-01-04
393,UK,PC,2025-01-03
394,NG,iOS,2025-01-06
395,IN,Android,2025-01-06
396,BR,PC,2025-01-01
397,CA,Android,2025-01-06
398,US,PC,2025-01-02
399,US,iOS,2025-01-06
400,UK,PC,2025-01-10
401,BR,PC,2025-01-06
402,IN,PC,2025-01-08
403,UK,iOS,2025-01-04
404,BR,PC,2025-01-10
405,DE,Android,2025-01-09
406,DE,Android,2025-01-10
407,DE,Android,2025-01-08
408,US,Android,2025-01-07
409,BR,Android,2025-01-06
410,CA,Android,2025-01-10
411,US,iOS,2025-01-09
412,US,PC,2025-01-05
413,US,iOS,2025-01-01
414,CA,iOS,2025-01-01
415,CA,Android,2025-01-03
416,NG,Android,2025-01-01
417,BR,Android,2025-01-03
418,CA,PC,2025-01-02
419,UK,iOS,2025-01-10
420,DE,iOS,2025-01-01
421,BR,Android,2025-01-07
422,NG,PC,2025-01-04
423,IN,Android,2025-01-02
424,NG,Android,2025-01-08
425,UK,Android,2025-01-10
426,US,PC,2025-01-08
427,BR,Android,2025-01-10
428,IN,PC,2025-01-06
429,CA,PC,2025-01-07
430,IN,iOS,2025-01-02
431,CA,iOS,2025-01-09
432,IN,PC,2025-01-08
433,IN,iOS,2025-01-03
434,CA,Android,2025-01-04
435,DE,iOS,2025-01-07
436,CA,Android,2025-01-01
437,DE,iOS,2025-01-09
438,BR,Android,2025-01-03
439,CA,PC,2025-01-01
440,UK,PC,2025-01-04
441,BR,PC,2025-01-09
442,UK,iOS,2025-01-03
443,CA,Android,2025-01-06
444,DE,iOS,2025-01-09
445,DE,PC,2025-01-01
446,NG,PC,2025-01-08
447,UK,iOS,2025-01-03
448,BR,Android,2025-01-07
449,DE,Android,2025-01-02
450,UK,Android,2025-01-02
451,BR,Android,2025-01-08
452,BR,iOS,2025-01-09
453,DE,Android,2025-01-10
454,CA,Android,2025-01-07
455,NG,PC,2025-01-05
456,DE,PC,2025-01-02
457,US,PC,2025-01-03
458,NG,iOS,2025-01-07
459,IN,PC,2025-01-04
460,CA,Android,2025-01-05
461,IN,Android,2025-01-02
462,CA,PC,2025-01-05
463,IN,PC,2025-01-03
464,UK,iOS,2025-01-02
465,CA,Android,2025-01-02
466,BR,PC,2025-01-06
467,US,Android,2025-01-04
468,NG,iOS,2025-01-01
469,US,Android,2025-01-06
470,BR,PC,2025-01-02
471,IN,iOS,2025-01-01
472,IN,PC,2025-01-02
473,DE,PC,2025-01-05
474,DE,PC,2025-01-10
475,NG,iOS,2025-01-03
476,IN,iOS,2025-01-03
477,IN,Android,2025-01-03
478,CA,Android,2025-01-04
479,NG,Android,2025-01-08
480,CA,PC,2025-01-04
481,UK,PC,2025-01-07
482,IN,iOS,2025-01-09
483,US,PC,2025-01-10
484,IN,iOS,2025-01-06
485,DE,Android,2025-01-08
486,US,iOS,2025-01-10
487,UK,Android,2025-01-08
488,DE,PC,2025-01-03
489,IN,Android,2025-01-02
490,NG,PC,2025-01-02
491,BR,iOS,2025-01-09
492,BR,Android,2025-01-06
493,IN,Android,2025-01-03
494,NG,PC,2025-01-04
495,UK,PC,2025-01-03
496,UK,Android,2025-01-09
497,CA,iOS,2025-01-07
498,UK,Android,2025-01-09
499,BR,iOS,2025-01-04
500,UK,Android,2025-01-05
501,CA,iOS,2025-01-02
502,NG,Android,2025-01-10
503,BR,iOS,2025-01-06
504,BR,iOS,2025-01-06
505,US,iOS,2025-01-05
506,DE,PC,2025-01-03
507,DE,PC,2025-01-10
508,US,PC,2025-01-05
509,US,iOS,2025-01-07
510,US,Android,2025-01-01
511,BR,PC,2025-01-03
512,IN,Android,2025-01-09
513,IN,iOS,2025-01-01
514,IN,iOS,2025-01-02
515,BR,iOS,2025-01-09
516,CA,PC,2025-01-04
517,BR,iOS,2025-01-03
518,CA,PC,2025-01-06
519,DE,PC,2025-01-02
520,NG,PC,2025-01-01
521,UK,PC,2025-01-01
522,US,iOS,2025-01-01
523,US,PC,2025-01-02
524,IN,iOS,2025-01-07
525,UK,iOS,2025-01-03
526,UK,iOS,2025-01-01
527,BR,iOS,2025-01-01
528,US,iOS,2025-01-05
529,BR,iOS,2025-01-09
530,BR,iOS,2025-01-04
531,NG,Android,2025-01-01
532,US,iOS,2025-01-03
533,US,iOS,2025-01-05
534,US,PC,2025-01-02
535,NG,iOS,2025-01-10
536,US,iOS,2025-01-08
537,DE,iOS,2025-01-04
538,CA,iOS,2025-01-10
539,DE,Android,2025-01-04
540,CA,PC,2025-01-02
541,NG,PC,2025-01-10
542,CA,Android,2025-01-10
543,US,iOS,2025-01-04
544,US,PC,2025-01-06
545,IN,iOS,2025-01-02
546,CA,Android,2025-01-07
547,DE,Android,2025-01-07
548,NG,PC,2025-01-08
549,DE,iOS,2025-01-06
550,NG,Android,2025-01-08
551,IN,Android,2025-01-06
552,UK,Android,2025-01-09
553,IN,PC,2025-01-02
554,UK,PC,2025-01-05
555,BR,Android,2025-01-05
556,DE,Android,2025-01-06
557,IN,PC,2025-01-02
558,BR,Android,2025-01-04
559,IN,iOS,2025-01-10
560,IN,Android,2025-01-02
561,DE,iOS,2025-01-07
562,CA,iOS,2025-01-07
563,DE,Android,2025-01-05
564,US,PC,2025-01-01
565,BR,PC,2025-01-01
566,US,iOS,2025-01-03
567,US,Android,2025-01-02
568,US,iOS,2025-01-01
569,NG,PC,2025-01-02
570,DE,iOS,2025-01-02
571,BR,PC,2025-01-09
572,UK,PC,2025-01-07
573,US,PC,2025-01-01
574,CA,iOS,2025-01-07
575,CA,PC,2025-01-02
576,UK,PC,2025-01-05
577,BR,Android,2025-01-01
578,DE,PC,2025-01-01
579,BR,PC,2025-01-02
580,CA,iOS,2025-01-05
581,CA,PC,2025-01-05
582,IN,PC,2025-01-04
583,CA,iOS,2025-01-07
584,CA,iOS,2025-01-08
585,UK,PC,2025-01-08
586,BR,iOS,2025-01-06
587,NG,Android,2025-01-06
588,CA,PC,2025-01-05
589,IN,Android,2025-01-03
590,IN,PC,2025-01-05
591,IN,iOS,2025-01-01
592,BR,iOS,2025-01-10
593,US,PC,2025-01-04
594,BR,Android,2025-01-08
595,UK,iOS,2025-01-10
596,IN,iOS,2025-01-05
597,NG,Android,2025-01-09
598,IN,Android,2025-01-05
599,NG,iOS,2025-01-02
600,NG,Android,2025-01-01
601,NG,Android,2025-01-02
602,IN,Android,2025-01-10
603,IN,iOS,2025-01-05
604,CA,Android,2025-01-04
605,IN,PC,2025-01-05
606,DE,iOS,2025-01-03
607,UK,iOS,2025-01-09
608,DE,PC,2025-01-10
609,BR,Android,2025-01-01
610,BR,PC,2025-01-08
611,IN,Android,2025-01-04
612,DE,PC,2025-01-01
613,IN,Android,2025-01-10
614,UK,iOS,2025-01-01
615,NG,PC,2025-01-03
616,NG,Android,2025-01-01
617,US,iOS,2025-01-05
618,US,Android,2025-01-06
619,CA,Android,2025-01-04
620,CA,iOS,2025-01-01
621,DE,PC,2025-01-02
622,DE,iOS,2025-01-10
623,US,iOS,2025-01-09
624,UK,Android,2025-01-10
625,NG,PC,2025-01-06
626,US,PC,2025-01-06
627,UK,PC,2025-01-08
628,UK,iOS,2025-01-07
629,DE,PC,2025-01-05
630,UK,PC,2025-01-03
631,IN,Android,2025-01-05
632,UK,Android,2025-01-01
633,DE,iOS,2025-01-02
634,UK,PC,2025-01-08
635,US,PC,2025-01-09
636,NG,Android,2025-01-02
637,US,Android,2025-01-01
638,UK,Android,2025-01-01
639,IN,iOS,2025-01-08
640,BR,Android,2025-01-04
641,NG,PC,2025-01-04
642,BR,PC,2025-01-01
643,IN,PC,2025-01-10
644,DE,Android,2025-01-05
645,IN,PC,2025-01-08
646,UK,Android,2025-01-08
647,DE,Android,2025-01-02
648,DE,Android,2025-01-09
649,BR,PC,2025-01-06
650,IN,PC,2025-01-07
651,DE,iOS,2025-01-03
652,NG,iOS,2025-01-09
653,US,Android,2025-01-10
654,IN,Android,2025-01-05
655,DE,PC,2025-01-01
656,DE,Android,2025-01-09
657,IN,Android,2025-01-09
658,NG,PC,2025-01-06
659,CA,Android,2025-01-06
660,UK,Android,2025-01-03
661,US,Android,2025-01-01
662,IN,Android,2025-01-10
663,CA,PC,2025-01-05
664,US,PC,2025-01-03
665,NG,Android,2025-01-07
666,NG,Android,2025-01-01
667,DE,Android,2025-01-01
668,BR,iOS,2025-01-03
669,BR,Android,2025-01-05
670,CA,iOS,2025-01-04
671,BR,iOS,2025-01-02
672,NG,iOS,2025-01-04
673,NG,Android,2025-01-04
674,CA,iOS,2025-01-06
675,NG,Android,2025-01-06
676,IN,Android,2025-01-09
677,NG,Android,2025-01-09
678,CA,PC,2025-01-03
679,DE,Android,2025-01-10
680,BR,PC,2025-01-06
681,IN,PC,2025-01-02
682,CA,iOS,2025-01-04
683,BR,iOS,2025-01-08
684,BR,Android,2025-01-09
685,US,PC,2025-01-04
686,IN,iOS,2025-01-02
687,UK,iOS,2025-01-02
688,NG,PC,2025-01-02
689,DE,PC,2025-01-07
690,IN,iOS,2025-01-06
691,BR,Android,2025-01-05
692,IN,Android,2025-01-07
693,BR,iOS,2025-01-09
694,BR,iOS,2025-01-08
695,CA,Android,2025-01-02
696,US,Android,2025-01-06
697,IN,iOS,2025-01-09
698,NG,Android,2025-01-08
699,CA,iOS,2025-01-04
700,CA,PC,2025-01-04
701,DE,iOS,2025-01-09
702,NG,iOS,2025-01-01
703,US,iOS,2025-01-06
704,US,PC,2025-01-02
705,CA,PC,2025-01-09
706,DE,Android,2025-01-01
707,CA,iOS,2025-01-01
708,NG,PC,2025-01-04
709,DE,Android,2025-01-03
710,DE,PC,2025-01-05
711,NG,Android,2025-01-03
712,DE,PC,2025-01-04
713,IN,PC,2025-01-06
714,IN,iOS,2025-01-06
715,BR,PC,2025-01-10
716,IN,iOS,2025-01-05
717,DE,Android,2025-01-06
718,DE,iOS,2025-01-07
719,US,PC,2025-01-02
720,NG,iOS,2025-01-07
721,CA,Android,2025-01-09
722,BR,Android,2025-01-04
723,IN,PC,2025-01-02
724,CA,PC,2025-01-04
725,IN,iOS,2025-01-03
726,CA,PC,2025-01-06
727,IN,iOS,2025-01-09
728,CA,Android,2025-01-06
729,DE,Android,2025-01-02
730,NG,Android,2025-01-04
731,IN,PC,2025-01-07
732,UK,PC,2025-01-04
733,BR,Android,2025-01-06
734,IN,PC,2025-01-07
735,US,iOS,2025-01-04
736,NG,iOS,2025-01-07
737,IN,Android,2025-01-04
738,UK,Android,2025-01-02
739,IN,PC,2025-01-04
740,BR,PC,2025-01-05
741,IN,iOS,2025-01-01
742,IN,iOS,2025-01-09
743,NG,PC,2025-01-06
744,US,Android,2025-01-01
745,IN,iOS,2025-01-09
746,UK,PC,2025-01-09
747,DE,Android,2025-01-01
748,UK,PC,2025-01-02
749,UK,PC,2025-01-04
750,US,PC,2025-01-06
751,BR,Android,2025-01-08
752,US,PC,2025-01-05
753,CA,PC,2025-01-07
754,BR,iOS,2025-01-01
755,DE,iOS,2025-01-07
756,DE,iOS,2025-01-10
757,IN,Android,2025-01-06
758,UK,Android,2025-01-05
759,CA,iOS,2025-01-03
760,IN,Android,2025-01-10
761,US,iOS,2025-01-01
762,DE,Android,2025-01-03
763,BR,Android,2025-01-02
764,BR,Android,2025-01-09
765,UK,Android,2025-01-05
766,IN,Android,2025-01-10
767,NG,PC,2025-01-07
768,DE,PC,2025-01-06
769,CA,PC,2025-01-06
770,UK,Android,2025-01-03
771,NG,Android,2025-01-06
772,BR,iOS,2025-01-07
773,CA,Android,2025-01-10
774,IN,iOS,2025-01-06
775,IN,Android,2025-01-10
776,BR,iOS,2025-01-10
777,UK,Android,2025-01-06
778,CA,PC,2025-01-05
779,US,PC,2025-01-02
780,IN,Android,2025-01-03
781,BR,iOS,2025-01-09
782,NG,iOS,2025-01-02
783,CA,iOS,2025-01-04
784,CA,PC,2025-01-07
785,DE,PC,2025-01-03
786,NG,Android,2025-01-10
787,CA,iOS,2025-01-07
788,NG,iOS,2025-01-01
789,DE,PC,2025-01-03
790,CA,iOS,2025-01-08
791,CA,iOS,2025-01-09
792,DE,iOS,2025-01-10
793,IN,iOS,2025-01-09
794,IN,Android,2025-01-01
795,DE,PC,2025-01-08
796,UK,iOS,2025-01-02
797,BR,PC,2025-01-01
798,DE,iOS,2025-01-07
799,UK,iOS,2025-01-05
800,DE,iOS,2025-01-07
801,CA,PC,2025-01-09
802,UK,Android,2025-01-01
803,DE,PC,2025-01-06
804,BR,iOS,2025-01-09
805,IN,iOS,2025-01-05
806,IN,PC,2025-01-06
807,DE,iOS,2025-01-05
808,CA,iOS,2025-01-10
809,UK,Android,2025-01-01
810,BR,Android,2025-01-09
811,CA,iOS,2025-01-09
812,BR,Android,2025-01-09
813,NG,PC,2025-01-05
814,US,Android,2025-01-06
815,IN,Android,2025-01-04
816,IN,iOS,2025-01-03
817,CA,Android,2025-01-09
818,CA,PC,2025-01-06
819,NG,Android,2025-01-08
820,BR,PC,2025-01-02
821,CA,iOS,2025-01-08
822,NG,iOS,2025-01-07
823,CA,Android,2025-01-10
824,NG,iOS,2025-01-02
825,NG,Android,2025-01-06
826,CA,PC,2025-01-06
827,NG,Android,2025-01-06
828,BR,Android,2025-01-01
829,BR,PC,2025-01-05
830,CA,iOS,2025-01-03
831,US,PC,2025-01-07
832,US,iOS,2025-01-03
833,DE,PC,2025-01-05
834,US,Android,2025-01-07
835,IN,iOS,2025-01-01
836,IN,PC,2025-01-08
837,IN,iOS,2025-01-08
838,US,Android,2025-01-01
839,CA,PC,2025-01-01
840,BR,PC,2025-01-09
841,UK,PC,2025-01-03
842,NG,Android,2025-01-09
843,BR,Android,2025-01-05
844,CA,iOS,2025-01-04
845,CA,PC,2025-01-03
846,CA,Android,2025-01-07
847,US,PC,2025-01-02
848,CA,Android,2025-01-05
849,IN,PC,2025-01-04
850,NG,iOS,2025-01-02
851,BR,PC,2025-01-04
852,IN,iOS,2025-01-06
853,BR,iOS,2025-01-07
854,US,Android,2025-01-01
855,UK,Android,2025-01-09
856,IN,PC,2025-01-09
857,US,Android,2025-01-07
858,CA,iOS,2025-01-10
859,NG,iOS,2025-01-05
860,IN,Android,2025-01-09
861,BR,Android,2025-01-08
862,BR,Android,2025-01-06
863,CA,iOS,2025-01-02
864,IN,Android,2025-01-06
865,IN,Android,2025-01-10
866,NG,PC,2025-01-10
867,IN,Android,2025-01-05
868,IN,PC,2025-01-03
869,DE,iOS,2025-01-08
870,CA,PC,2025-01-01
871,DE,iOS,2025-01-02
872,US,iOS,2025-01-06
873,CA,PC,2025-01-10
874,CA,Android,2025-01-04
875,NG,Android,2025-01-05
876,DE,Android,2025-01-04
877,DE,PC,2025-01-05
878,IN,iOS,2025-01-01
879,DE,iOS,2025-01-06
880,NG,iOS,2025-01-06
881,CA,PC,2025-01-04
882,IN,iOS,2025-01-03
883,DE,Android,2025-01-08
884,US,Android,2025-01-02
885,IN,iOS,2025-01-01
886,IN,Android,2025-01-01
887,CA,iOS,2025-01-09
888,US,iOS,2025-01-04
889,CA,iOS,2025-01-02
890,US,PC,2025-01-09
891,CA,Android,2025-01-02
892,NG,PC,2025-01-04
893,DE,Android,2025-01-01
894,BR,iOS,2025-01-07
895,IN,Android,2025-01-07
896,NG,PC,2025-01-08
897,DE,Android,2025-01-03
898,CA,iOS,2025-01-04
899,CA,iOS,2025-01-10
900,NG,PC,2025-01-09
901,CA,Android,2025-01-01
902,CA,PC,2025-01-07
903,US,Android,2025-01-09
904,BR,iOS,2025-01-06
905,DE,PC,2025-01-07
906,NG,PC,2025-01-01
907,UK,PC,2025-01-01
908,US,PC,2025-01-01
909,UK,iOS,2025-01-02
910,CA,PC,2025-01-10
911,IN,iOS,2025-01-07
912,US,PC,2025-01-08
913,UK,iOS,2025-01-03
914,BR,Android,2025-01-10
915,NG,PC,2025-01-02
916,DE,iOS,2025-01-10
917,DE,iOS,2025-01-01
918,IN,PC,2025-01-01
919,US,iOS,2025-01-01
920,NG,Android,2025-01-08
921,BR,PC,2025-01-03
922,NG,Android,2025-01-05
923,DE,Android,2025-01-05
924,US,Android,2025-01-08
925,US,Android,2025-01-04
926,BR,Android,2025-01-01
927,DE,Android,2025-01-04
928,UK,iOS,2025-01-03
929,UK,Android,2025-01-08
930,NG,PC,2025-01-08
931,DE,PC,2025-01-01
932,NG,iOS,2025-01-08
933,US,PC,2025-01-01
934,NG,PC,2025-01-07
935,DE,iOS,2025-01-04
936,BR,PC,2025-01-04
937,US,Android,2025-01-05
938,US,Android,2025-01-04
939,DE,PC,2025-01-08
940,DE,Android,2025-01-10
941,NG,Android,2025-01-09
942,UK,iOS,2025-01-05
943,BR,PC,2025-01-06
944,DE,PC,2025-01-05
945,CA,iOS,2025-01-08
946,CA,PC,2025-01-06
947,BR,iOS,2025-01-05
948,CA,Android,2025-01-05
949,BR,PC,2025-01-04
950,US,iOS,2025-01-06
951,CA,Android,2025-01-07
952,UK,iOS,2025-01-05
953,NG,PC,2025-01-09
954,UK,Android,2025-01-09
955,IN,Android,2025-01-05
956,NG,PC,2025-01-10
957,UK,Android,2025-01-02
958,NG,PC,2025-01-10
959,BR,iOS,2025-01-03
960,UK,iOS,2025-01-06
961,US,PC,2025-01-03
962,UK,PC,2025-01-05
963,IN,Android,2025-01-04
964,US,Android,2025-01-08
965,BR,iOS,2025-01-01
966,NG,PC,2025-01-09
967,NG,PC,2025-01-10
968,UK,iOS,2025-01-06
969,BR,Android,2025-01-06
970,CA,Android,2025-01-07
971,UK,Android,2025-01-02
972,UK,PC,2025-01-08
973,DE,iOS,2025-01-03
974,DE,iOS,2025-01-07
975,US,iOS,2025-01-04
976,US,PC,2025-01-08
977,CA,Android,2025-01-08
978,NG,PC,2025-01-03
979,UK,Android,2025-01-07
980,DE,iOS,2025-01-05
981,NG,Android,2025-01-03
982,NG,iOS,2025-01-06
983,DE,PC,2025-01-10
984,NG,PC,2025-01-01
985,NG,PC,2025-01-10
986,NG,Android,2025-01-09
987,NG,iOS,2025-01-06
988,UK,iOS,2025-01-07
989,US,Android,2025-01-04
990,IN,Android,2025-01-02
991,UK,PC,2025-01-06
992,DE,PC,2025-01-09
993,US,iOS,2025-01-03
994,DE,iOS,2025-01-08
995,DE,Android,2025-01-08
996,NG,Android,2025-01-08
997,DE,iOS,2025-01-04
998,UK,PC,2025-01-04
999,BR,PC,2025-01-05
1000,DE,Android,2025-01-09
1001,IN,iOS,2025-01-10
1002,IN,PC,2025-01-05
1003,DE,iOS,2025-01-10
1004,BR,Android,2025-01-06
1005,CA,PC,2025-01-04
1006,BR,PC,2025-01-01
1007,IN,iOS,2025-01-07
1008,DE,Android,2025-01-07
1009,IN,iOS,2025-01-10
1010,DE,iOS,2025-01-08
1011,US,Android,2025-01-01
1012,IN,PC,2025-01-06
1013,US,PC,2025-01-08
1014,UK,Android,2025-01-05
1015,DE,iOS,2025-01-05
1016,IN,iOS,2025-01-09
1017,UK,iOS,2025-01-07
1018,DE,iOS,2025-01-07
1019,CA,iOS,2025-01-05
1020,CA,PC,2025-01-03
1021,CA,iOS,2025-01-06
1022,CA,iOS,2025-01-10
1023,BR,Android,2025-01-07
1024,IN,iOS,2025-01-08
1025,IN,Android,2025-01-02
1026,CA,iOS,2025-01-10
1027,CA,iOS,2025-01-03
1028,US,Android,2025-01-10
1029,DE,PC,2025-01-05
1030,UK,Android,2025-01-10
1031,DE,Android,2025-01-09
1032,US,Android,2025-01-08
1033,IN,iOS,2025-01-10
1034,UK,iOS,2025-01-07
1035,CA,Android,2025-01-09
1036,IN,iOS,2025-01-02
1037,BR,PC,2025-01-01
1038,CA,Android,2025-01-06
1039,DE,iOS,2025-01-09
1040,IN,Android,2025-01-08
1041,NG,iOS,2025-01-06
1042,IN,Android,2025-01-06
1043,UK,PC,2025-01-07
1044,UK,iOS,2025-01-09
1045,NG,Android,2025-01-09
1046,US,iOS,2025-01-02
1047,US,Android,2025-01-06
1048,NG,iOS,2025-01-04
1049,NG,Android,2025-01-08
1050,CA,Android,2025-01-06
1051,DE,iOS,2025-01-10
1052,UK,Android,2025-01-05
1053,DE,PC,2025-01-07
1054,BR,PC,2025-01-02
1055,CA,iOS,2025-01-10
1056,BR,Android,2025-01-02
1057,DE,PC,2025-01-04
1058,IN,Android,2025-01-09
1059,UK,iOS,2025-01-10
1060,UK,Android,2025-01-05
1061,IN,iOS,2025-01-05
1062,NG,iOS,2025-01-01
1063,US,Android,2025-01-10
1064,NG,Android,2025-01-01
1065,IN,PC,2025-01-01
1066,UK,Android,2025-01-05
1067,BR,PC,2025-01-01
1068,NG,Android,2025-01-02
1069,UK,PC,2025-01-07
1070,CA,iOS,2025-01-08
1071,NG,iOS,2025-01-03
1072,US,PC,2025-01-08
1073,IN,PC,2025-01-07
1074,DE,PC,2025-01-03
1075,DE,iOS,2025-01-08
1076,US,iOS,2025-01-06
1077,NG,PC,2025-01-09
1078,US,Android,2025-01-02
1079,UK,iOS,2025-01-03
1080,IN,PC,2025-01-04
1081,BR,PC,2025-01-04
1082,BR,iOS,2025-01-09
1083,BR,PC,2025-01-08
1084,DE,PC,2025-01-06
1085,US,Android,2025-01-06
1086,IN,Android,2025-01-09
1087,IN,iOS,2025-01-05
1088,BR,PC,2025-01-03
1089,NG,PC,2025-01-02
1090,CA,PC,2025-01-04
1091,DE,PC,2025-01-07
1092,DE,iOS,2025-01-05
1093,IN,Android,2025-01-05
1094,UK,Android,2025-01-05
1095,UK,PC,2025-01-10
1096,CA,Android,2025-01-10
1097,IN,Android,2025-01-02
1098,IN,iOS,2025-01-02
1099,CA,PC,2025-01-03
1100,DE,Android,2025-01-09
1101,DE,iOS,2025-01-05
1102,DE,PC,2025-01-09
1103,BR,iOS,2025-01-07
1104,US,iOS,2025-01-06
1105,UK,iOS,2025-01-03
1106,US,Android,2025-01-04
1107,US,iOS,2025-01-02
1108,BR,PC,2025-01-06
1109,BR,Android,2025-01-03
1110,CA,iOS,2025-01-03
1111,NG,iOS,2025-01-01
1112,US,Android,2025-01-08
1113,US,iOS,2025-01-10
1114,UK,PC,2025-01-05
1115,US,iOS,2025-01-06
1116,DE,Android,2025-01-10
1117,BR,iOS,2025-01-06
1118,NG,iOS,2025-01-07
1119,IN,iOS,2025-01-05
1120,DE,iOS,2025-01-06
1121,CA,PC,2025-01-06
1122,CA,PC,2025-01-08
1123,US,PC,2025-01-07
1124,US,iOS,2025-01-06
1125,IN,PC,2025-01-01
1126,IN,Android,2025-01-10
1127,IN,iOS,2025-01-09
1128,NG,iOS,2025-01-02
1129,DE,Android,2025-01-03
1130,NG,Android,2025-01-10
1131,UK,iOS,2025-01-04
1132,NG,PC,2025-01-09
1133,IN,PC,2025-01-08
1134,IN,Android,2025-01-09
1135,NG,PC,2025-01-01
1136,CA,PC,2025-01-05
1137,IN,PC,2025-01-06
1138,UK,iOS,2025-01-09
1139,IN,PC,2025-01-03
1140,DE,Android,2025-01-04
1141,BR,PC,2025-01-02
1142,UK,PC,2025-01-08
1143,BR,iOS,2025-01-10
1144,IN,Android,2025-01-02
1145,UK,iOS,2025-01-03
1146,DE,iOS,2025-01-04
1147,DE,Android,2025-01-09
1148,IN,PC,2025-01-05
1149,NG,PC,2025-01-03
1150,IN,Android,2025-01-04
1151,UK,iOS,2025-01-06
1152,DE,Android,2025-01-04
1153,DE,PC,2025-01-02
1154,BR,PC,2025-01-09
1155,UK,iOS,2025-01-05
1156,NG,iOS,2025-01-03
1157,CA,PC,2025-01-08
1158,IN,iOS,2025-01-08
1159,UK,iOS,2025-01-02
1160,UK,iOS,2025-01-01
1161,NG,Android,2025-01-01
1162,DE,Android,2025-01-08
1163,IN,Android,2025-01-07
1164,DE,iOS,2025-01-08
1165,DE,PC,2025-01-07
1166,CA,PC,2025-01-05
1167,CA,Android,2025-01-06
1168,UK,iOS,2025-01-08
1169,BR,Android,2025-01-04
1170,BR,PC,2025-01-10
1171,NG,Android,2025-01-09
1172,NG,iOS,2025-01-09
1173,UK,Android,2025-01-10
1174,US,Android,2025-01-04
1175,CA,Android,2025-01-02
1176,UK,Android,2025-01-05
1177,UK,iOS,2025-01-08
1178,US,PC,2025-01-08
1179,US,Android,2025-01-04
1180,CA,Android,2025-01-03
1181,NG,Android,2025-01-05
1182,BR,Android,2025-01-09
1183,NG,iOS,2025-01-01
1184,DE,PC,2025-01-04
1185,UK,iOS,2025-01-03
1186,UK,Android,2025-01-09
1187,CA,iOS,2025-01-05
1188,NG,iOS,2025-01-01
1189,DE,iOS,2025-01-03
1190,CA,PC,2025-01-01
1191,UK,Android,2025-01-05
1192,US,Android,2025-01-10
1193,US,PC,2025-01-06
1194,NG,iOS,2025-01-09
1195,DE,Android,2025-01-08
1196,NG,Android,2025-01-09
1197,NG,Android,2025-01-04
1198,BR,iOS,2025-01-10
1199,IN,PC,2025-01-03
1200,NG,iOS,2025-01-05
1201,BR,PC,2025-01-07
1202,DE,PC,2025-01-03
1203,BR,Android,2025-01-03
1204,IN,iOS,2025-01-02
1205,NG,iOS,2025-01-01
1206,BR,PC,2025-01-06
1207,DE,PC,2025-01-10
1208,IN,PC,2025-01-03
1209,US,iOS,2025-01-05
1210,BR,Android,2025-01-10
1211,NG,iOS,2025-01-08
1212,IN,PC,2025-01-01
1213,DE,Android,2025-01-06
1214,BR,PC,2025-01-02
1215,CA,PC,2025-01-03
1216,CA,PC,2025-01-03
1217,DE,Android,2025-01-07
1218,IN,Android,2025-01-02
1219,IN,Android,2025-01-03
1220,DE,iOS,2025-01-03
1221,NG,iOS,2025-01-04
1222,DE,Android,2025-01-07
1223,BR,PC,2025-01-04
1224,NG,Android,2025-01-04
1225,UK,PC,2025-01-06
1226,BR,iOS,2025-01-07
1227,CA,Android,2025-01-01
1228,BR,Android,2025-01-09
1229,US,Android,2025-01-10
1230,UK,iOS,2025-01-07
1231,IN,iOS,2025-01-06
1232,IN,PC,2025-01-07
1233,BR,Android,2025-01-05
1234,IN,iOS,2025-01-04
1235,NG,iOS,2025-01-04
1236,UK,iOS,2025-01-02
1237,CA,PC,2025-01-09
1238,CA,iOS,2025-01-04
1239,UK,PC,2025-01-03
1240,CA,iOS,2025-01-10
1241,DE,Android,2025-01-06
1242,IN,iOS,2025-01-07
1243,BR,PC,2025-01-03
1244,DE,iOS,2025-01-03
1245,BR,Android,2025-01-08
1246,BR,iOS,2025-01-05
1247,BR,iOS,2025-01-02
1248,DE,iOS,2025-01-09
1249,UK,PC,2025-01-05
1250,BR,Android,2025-01-07
1251,US,Android,2025-01-04
1252,UK,Android,2025-01-06
1253,CA,PC,2025-01-08
1254,IN,Android,2025-01-09
1255,NG,Android,2025-01-03
1256,CA,iOS,2025-01-07
1257,US,iOS,2025-01-10
1258,DE,iOS,2025-01-07
1259,DE,Android,2025-01-02
1260,IN,iOS,2025-01-02
1261,US,iOS,2025-01-03
1262,BR,iOS,2025-01-02
1263,DE,iOS,2025-01-08
1264,IN,PC,2025-01-10
1265,US,Android,2025-01-06
1266,CA,PC,2025-01-06
1267,CA,Android,2025-01-08
1268,UK,PC,2025-01-05
1269,BR,iOS,2025-01-05
1270,CA,Android,2025-01-06
1271,UK,PC,2025-01-04
1272,CA,Android,2025-01-01
1273,BR,PC,2025-01-06
1274,NG,iOS,2025-01-09
1275,IN,iOS,2025-01-01
1276,NG,PC,2025-01-03
1277,NG,iOS,2025-01-03
1278,IN,PC,2025-01-09
1279,CA,PC,2025-01-06
1280,BR,PC,2025-01-06
1281,IN,Android,2025-01-07
1282,IN,PC,2025-01-03
1283,UK,iOS,2025-01-08
1284,IN,Android,2025-01-01
1285,UK,iOS,2025-01-02
1286,CA,PC,2025-01-09
1287,BR,PC,2025-01-07
1288,US,PC,2025-01-02
1289,CA,PC,2025-01-05
1290,NG,iOS,2025-01-01
1291,US,iOS,2025-01-07
1292,BR,PC,2025-01-08
1293,DE,Android,2025-01-03
1294,CA,iOS,2025-01-04
1295,BR,PC,2025-01-03
1296,DE,PC,2025-01-04
1297,US,Android,2025-01-03
1298,NG,PC,2025-01-03
1299,DE,iOS,2025-01-05
1300,CA,iOS,2025-01-09
1301,IN,iOS,2025-01-08
1302,UK,Android,2025-01-03
1303,NG,iOS,2025-01-10
1304,BR,iOS,2025-01-03
1305,NG,PC,2025-01-10
1306,NG,PC,2025-01-04
1307,US,PC,2025-01-06
1308,US,PC,2025-01-03
1309,UK,PC,2025-01-08
1310,IN,Android,2025-01-04
1311,DE,Android,2025-01-09
1312,UK,PC,2025-01-01
1313,IN,Android,2025-01-06
1314,IN,iOS,2025-01-02
1315,BR,PC,2025-01-09
1316,UK,iOS,2025-01-05
1317,NG,PC,2025-01-07
1318,NG,Android,2025-01-09
1319,DE,PC,2025-01-06
1320,UK,iOS,2025-01-01
1321,CA,Android,2025-01-03
1322,US,Android,2025-01-03
1323,DE,Android,2025-01-10
1324,BR,iOS,2025-01-10
1325,BR,PC,2025-01-05
1326,US,Android,2025-01-09
1327,NG,PC,2025-01-03
1328,CA,Android,2025-01-07
1329,NG,iOS,2025-01-04
1330,UK,PC,2025-01-03
1331,DE,iOS,2025-01-03
1332,IN,iOS,2025-01-05
1333,UK,PC,2025-01-04
1334,IN,PC,2025-01-03
1335,DE,PC,2025-01-04
1336,BR,Android,2025-01-02
1337,NG,PC,2025-01-10
1338,UK,iOS,2025-01-04
1339,IN,PC,2025-01-02
1340,UK,Android,2025-01-06
1341,DE,iOS,2025-01-09
1342,CA,Android,2025-01-04
1343,CA,Android,2025-01-09
1344,NG,iOS,2025-01-07
1345,US,Android,2025-01-08
1346,BR,Android,2025-01-03
1347,IN,iOS,2025-01-01
1348,NG,iOS,2025-01-04
1349,IN,PC,2025-01-10
1350,NG,Android,2025-01-08
1351,CA,Android,2025-01-08
1352,UK,Android,2025-01-09
1353,DE,Android,2025-01-04
1354,BR,Android,2025-01-04
1355,US,Android,2025-01-10
1356,DE,PC,2025-01-06
1357,UK,PC,2025-01-03
1358,CA,iOS,2025-01-03
1359,CA,PC,2025-01-09
1360,UK,PC,2025-01-01
1361,CA,iOS,2025-01-01
1362,CA,PC,2025-01-08
1363,UK,Android,2025-01-01
1364,US,PC,2025-01-02
1365,DE,Android,2025-01-10
1366,CA,PC,2025-01-05
1367,UK,iOS,2025-01-08
1368,DE,iOS,2025-01-05
1369,BR,PC,2025-01-01
1370,NG,Android,2025-01-02
1371,BR,Android,2025-01-08
1372,UK,iOS,2025-01-01
1373,DE,iOS,2025-01-06
1374,UK,PC,2025-01-04
1375,BR,iOS,2025-01-04
1376,BR,Android,2025-01-10
1377,BR,iOS,2025-01-07
1378,IN,iOS,2025-01-07
1379,DE,iOS,2025-01-04
1380,DE,PC,2025-01-04
1381,BR,PC,2025-01-07
1382,US,iOS,2025-01-01
1383,UK,Android,2025-01-03
1384,BR,Android,2025-01-07
1385,UK,Android,2025-01-07
1386,US,PC,2025-01-01
1387,DE,iOS,2025-01-08
1388,UK,iOS,2025-01-06
1389,BR,Android,2025-01-03
1390,BR,Android,2025-01-08
1391,UK,iOS,2025-01-10
1392,DE,PC,2025-01-05
1393,BR,iOS,2025-01-03
1394,IN,iOS,2025-01-03
1395,US,Android,2025-01-06
1396,NG,Android,2025-01-01
1397,NG,iOS,2025-01-05
1398,NG,iOS,2025-01-01
1399,CA,iOS,2025-01-01
1400,UK,Android,2025-01-05
1401,IN,Android,2025-01-08
1402,US,iOS,2025-01-09
1403,UK,Android,2025-01-01
1404,UK,PC,2025-01-03
1405,US,iOS,2025-01-05
1406,US,PC,2025-01-06
1407,UK,iOS,2025-01-10
1408,BR,iOS,2025-01-07
1409,CA,iOS,2025-01-06
1410,US,iOS,2025-01-01
1411,CA,iOS,2025-01-01
1412,DE,Android,2025-01-02
1413,US,Android,2025-01-07
1414,IN,PC,2025-01-04
1415,NG,Android,2025-01-03
1416,IN,Android,2025-01-07
1417,NG,Android,2025-01-09
1418,DE,iOS,2025-01-05
1419,BR,PC,2025-01-09
1420,DE,iOS,2025-01-08
1421,BR,PC,2025-01-08
1422,BR,PC,2025-01-09
1423,NG,PC,2025-01-02
1424,NG,Android,2025-01-08
1425,US,iOS,2025-01-10
1426,IN,PC,2025-01-10
1427,NG,iOS,2025-01-06
1428,BR,Android,2025-01-08
1429,US,PC,2025-01-09
1430,IN,PC,2025-01-09
1431,DE,PC,2025-01-09
1432,US,iOS,2025-01-09
1433,US,PC,2025-01-04
1434,DE,iOS,2025-01-08
1435,UK,Android,2025-01-05
1436,CA,PC,2025-01-09
1437,UK,Android,2025-01-09
1438,NG,PC,2025-01-10
1439,UK,Android,2025-01-06
1440,BR,iOS,2025-01-05
1441,IN,iOS,2025-01-02
1442,DE,Android,2025-01-07
1443,BR,PC,2025-01-06
1444,DE,Android,2025-01-06
1445,CA,PC,2025-01-07
1446,CA,Android,2025-01-09
1447,BR,iOS,2025-01-02
1448,BR,iOS,2025-01-05
1449,IN,Android,2025-01-08
1450,CA,PC,2025-01-09
1451,UK,PC,2025-01-08
1452,CA,iOS,2025-01-08
1453,CA,Android,2025-01-09
1454,US,PC,2025-01-10
1455,NG,Android,2025-01-07
1456,CA,iOS,2025-01-03
1457,BR,Android,2025-01-06
1458,DE,iOS,2025-01-08
1459,US,iOS,2025-01-02
1460,DE,Android,2025-01-08
1461,IN,iOS,2025-01-06
1462,UK,Android,2025-01-10
1463,CA,Android,2025-01-03
1464,CA,Android,2025-01-10
1465,IN,Android,2025-01-05
1466,CA,iOS,2025-01-06
1467,NG,PC,2025-01-07
1468,UK,PC,2025-01-06
1469,IN,PC,2025-01-10
1470,CA,PC,2025-01-02
1471,BR,Android,2025-01-08
1472,NG,PC,2025-01-10
1473,DE,Android,2025-01-03
1474,US,iOS,2025-01-03
1475,BR,PC,2025-01-05
1476,UK,iOS,2025-01-08
1477,DE,PC,2025-01-10
1478,UK,Android,2025-01-08
1479,US,PC,2025-01-08
1480,UK,Android,2025-01-05
1481,US,Android,2025-01-07
1482,CA,iOS,2025-01-03
1483,UK,PC,2025-01-05
1484,CA,iOS,2025-01-02
1485,UK,Android,2025-01-01
1486,BR,Android,2025-01-09
1487,US,Android,2025-01-09
1488,CA,iOS,2025-01-06
1489,CA,Android,2025-01-01
1490,DE,Android,2025-01-01
1491,US,iOS,2025-01-02
1492,DE,iOS,2025-01-08
1493,CA,PC,2025-01-03
1494,UK,iOS,2025-01-03
1495,UK,iOS,2025-01-09
1496,DE,Android,2025-01-09
1497,DE,iOS,2025-01-08
1498,IN,Android,2025-01-04
1499,DE,iOS,2025-01-06
1500,IN,Android,2025-01-03
1501,DE,PC,2025-01-09
1502,US,Android,2025-01-01
1503,US,PC,2025-01-08
1504,UK,PC,2025-01-06
1505,NG,iOS,2025-01-08
1506,US,Android,2025-01-05
1507,BR,iOS,2025-01-02
1508,DE,Android,2025-01-08
1509,BR,iOS,2025-01-07
1510,NG,PC,2025-01-05
1511,UK,iOS,2025-01-04
1512,US,Android,2025-01-04
1513,IN,iOS,2025-01-05
1514,UK,PC,2025-01-03
1515,US,PC,2025-01-03
1516,BR,PC,2025-01-03
1517,DE,Android,2025-01-01
1518,CA,iOS,2025-01-10
1519,DE,PC,2025-01-03
1520,DE,Android,2025-01-02
1521,BR,PC,2025-01-02
1522,NG,PC,2025-01-10
1523,US,Android,2025-01-05
1524,US,PC,2025-01-04
1525,NG,PC,2025-01-05
1526,CA,Android,2025-01-01
1527,UK,iOS,2025-01-04
1528,CA,iOS,2025-01-03
1529,CA,Android,2025-01-09
1530,BR,Android,2025-01-01
1531,CA,iOS,2025-01-05
1532,CA,iOS,2025-01-08
1533,BR,PC,2025-01-09
1534,US,PC,2025-01-06
1535,IN,iOS,2025-01-03
1536,CA,Android,2025-01-04
1537,US,iOS,2025-01-03
1538,CA,PC,2025-01-07
1539,NG,PC,2025-01-03
1540,NG,PC,2025-01-07
1541,DE,Android,2025-01-07
1542,US,Android,2025-01-10
1543,CA,PC,2025-01-04
1544,DE,Android,2025-01-10
1545,US,Android,2025-01-05
1546,NG,PC,2025-01-07
1547,NG,Android,2025-01-07
1548,IN,PC,2025-01-09
1549,DE,Android,2025-01-05
1550,CA,PC,2025-01-08
1551,US,iOS,2025-01-04
1552,IN,iOS,2025-01-05
1553,DE,iOS,2025-01-05
1554,NG,Android,2025-01-08
1555,DE,PC,2025-01-07
1556,US,iOS,2025-01-01
1557,BR,iOS,2025-01-09
1558,IN,PC,2025-01-08
1559,BR,PC,2025-01-02
1560,IN,Android,2025-01-10
1561,UK,Android,2025-01-07
1562,US,Android,2025-01-01
1563,US,iOS,2025-01-05
1564,BR,iOS,2025-01-09
1565,DE,PC,2025-01-03
1566,DE,Android,2025-01-10
1567,BR,PC,2025-01-05
1568,NG,PC,2025-01-03
1569,BR,iOS,2025-01-04
1570,BR,iOS,2025-01-06
1571,CA,PC,2025-01-07
1572,UK,iOS,2025-01-10
1573,IN,Android,2025-01-02
1574,IN,PC,2025-01-10
1575,US,PC,2025-01-06
1576,UK,PC,2025-01-02
1577,DE,iOS,2025-01-10
1578,IN,iOS,2025-01-04
1579,CA,iOS,2025-01-07
1580,NG,iOS,2025-01-07
1581,UK,iOS,2025-01-01
1582,US,PC,2025-01-03
1583,DE,iOS,2025-01-07
1584,UK,PC,2025-01-04
1585,NG,Android,2025-01-01
1586,UK,Android,2025-01-01
1587,IN,iOS,2025-01-09
1588,CA,iOS,2025-01-02
1589,BR,Android,2025-01-02
1590,CA,iOS,2025-01-06
1591,IN,PC,2025-01-02
1592,UK,iOS,2025-01-07
1593,UK,iOS,2025-01-06
1594,CA,PC,2025-01-07
1595,NG,Android,2025-01-05
1596,US,iOS,2025-01-08
1597,NG,PC,2025-01-07
1598,IN,iOS,2025-01-05
1599,IN,PC,2025-01-01
1600,NG,PC,2025-01-03
1601,UK,PC,2025-01-02
1602,IN,PC,2025-01-01
1603,IN,iOS,2025-01-03
1604,UK,PC,2025-01-03
1605,CA,iOS,2025-01-01
1606,BR,Android,2025-01-04
1607,US,iOS,2025-01-06
1608,NG,Android,2025-01-02
1609,US,PC,2025-01-03
1610,CA,Android,2025-01-01
1611,IN,iOS,2025-01-01
1612,US,iOS,2025-01-02
1613,NG,PC,2025-01-05
1614,NG,Android,2025-01-07
1615,CA,Android,2025-01-08
1616,US,Android,2025-01-07
1617,IN,iOS,2025-01-07
1618,DE,Android,2025-01-10
1619,CA,Android,2025-01-03
1620,BR,PC,2025-01-08
1621,US,Android,2025-01-10
1622,CA,PC,2025-01-06
1623,BR,PC,2025-01-09
1624,CA,iOS,2025-01-02
1625,DE,Android,2025-01-09
1626,BR,Android,2025-01-06
1627,NG,iOS,2025-01-03
1628,NG,iOS,2025-01-01
1629,UK,PC,2025-01-08
1630,CA,Android,2025-01-05
1631,NG,iOS,2025-01-04
1632,BR,iOS,2025-01-04
1633,CA,iOS,2025-01-10
1634,BR,iOS,2025-01-05
1635,UK,iOS,2025-01-01
1636,DE,PC,2025-01-03
1637,US,PC,2025-01-02
1638,NG,Android,2025-01-07
1639,US,Android,2025-01-09
1640,US,PC,2025-01-09
1641,IN,PC,2025-01-07
1642,CA,iOS,2025-01-08
1643,DE,PC,2025-01-05
1644,NG,iOS,2025-01-07
1645,CA,iOS,2025-01-02
1646,UK,Android,2025-01-06
1647,UK,PC,2025-01-06
1648,NG,iOS,2025-01-01
1649,BR,iOS,2025-01-06
1650,IN,iOS,2025-01-08
1651,US,Android,2025-01-04
1652,CA,PC,2025-01-06
1653,CA,iOS,2025-01-03
1654,NG,iOS,2025-01-03
1655,US,iOS,2025-01-02
1656,US,iOS,2025-01-04
1657,IN,iOS,2025-01-09
1658,BR,Android,2025-01-10
1659,IN,Android,2025-01-07
1660,US,Android,2025-01-07
1661,NG,PC,2025-01-07
1662,NG,Android,2025-01-05
1663,US,iOS,2025-01-05
1664,DE,Android,2025-01-07
1665,DE,iOS,2025-01-08
1666,UK,PC,2025-01-05
1667,IN,iOS,2025-01-06
1668,NG,iOS,2025-01-05
1669,DE,PC,2025-01-03
1670,IN,Android,2025-01-03
1671,IN,iOS,2025-01-01
1672,DE,PC,2025-01-05
1673,US,iOS,2025-01-08
1674,IN,PC,2025-01-07
1675,IN,PC,2025-01-10
1676,BR,Android,2025-01-01
1677,US,Android,2025-01-08
1678,UK,Android,2025-01-08
1679,BR,Android,2025-01-05
1680,DE,iOS,2025-01-03
1681,BR,iOS,2025-01-04
1682,CA,iOS,2025-01-07
1683,CA,PC,2025-01-09
1684,IN,iOS,2025-01-07
1685,UK,Android,2025-01-06
1686,DE,PC,2025-01-07
1687,UK,PC,2025-01-01
1688,UK,iOS,2025-01-07
1689,BR,iOS,2025-01-01
1690,CA,PC,2025-01-10
1691,IN,iOS,2025-01-09
1692,BR,iOS,2025-01-06
1693,NG,PC,2025-01-04
1694,UK,PC,2025-01-08
1695,US,PC,2025-01-07
1696,NG,PC,2025-01-08
1697,DE,iOS,2025-01-06
1698,US,iOS,2025-01-03
1699,UK,iOS,2025-01-01
1700,BR,iOS,2025-01-03
1701,US,PC,2025-01-06
1702,US,iOS,2025-01-05
1703,NG,Android,2025-01-06
1704,US,PC,2025-01-03
1705,BR,PC,2025-01-10
1706,BR,iOS,2025-01-04
1707,BR,Android,2025-01-09
1708,BR,Android,2025-01-04
1709,US,PC,2025-01-05
1710,US,Android,2025-01-07
1711,UK,iOS,2025-01-03
1712,DE,PC,2025-01-03
1713,BR,PC,2025-01-04
1714,IN,Android,2025-01-09
1715,NG,iOS,2025-01-02
1716,BR,Android,2025-01-05
1717,NG,PC,2025-01-07
1718,UK,PC,2025-01-08
1719,UK,Android,2025-01-05
1720,DE,iOS,2025-01-01
1721,CA,Android,2025-01-01
1722,IN,PC,2025-01-05
1723,NG,PC,2025-01-09
1724,IN,iOS,2025-01-01
1725,DE,iOS,2025-01-09
1726,IN,Android,2025-01-07
1727,BR,iOS,2025-01-01
1728,DE,PC,2025-01-04
1729,DE,iOS,2025-01-03
1730,CA,Android,2025-01-10
1731,IN,PC,2025-01-06
1732,BR,PC,2025-01-04
1733,NG,PC,2025-01-03
1734,BR,iOS,2025-01-06
1735,BR,PC,2025-01-01
1736,IN,Android,2025-01-03
1737,DE,iOS,2025-01-02
1738,CA,Android,2025-01-07
1739,CA,Android,2025-01-07
1740,US,Android,2025-01-05
1741,DE,iOS,2025-01-02
1742,IN,Android,2025-01-04
1743,DE,Android,2025-01-09
1744,CA,iOS,2025-01-03
1745,US,PC,2025-01-02
1746,BR,iOS,2025-01-02
1747,BR,PC,2025-01-09
1748,UK,iOS,2025-01-02
1749,IN,PC,2025-01-06
1750,IN,Android,2025-01-10
1751,BR,iOS,2025-01-07
1752,BR,iOS,2025-01-05
1753,NG,PC,2025-01-03
1754,UK,PC,2025-01-01
1755,NG,iOS,2025-01-02
1756,UK,Android,2025-01-10
1757,UK,Android,2025-01-02
1758,NG,iOS,2025-01-01
1759,DE,Android,2025-01-09
1760,NG,PC,2025-01-05
1761,UK,PC,2025-01-04
1762,UK,PC,2025-01-08
1763,CA,iOS,2025-01-06
1764,NG,iOS,2025-01-10
1765,NG,Android,2025-01-05
1766,BR,iOS,2025-01-08
1767,DE,Android,2025-01-09
1768,DE,iOS,2025-01-05
1769,CA,iOS,2025-01-03
1770,US,iOS,2025-01-10
1771,UK,iOS,2025-01-03
1772,UK,PC,2025-01-01
1773,UK,iOS,2025-01-06
1774,UK,PC,2025-01-10
1775,IN,iOS,2025-01-01
1776,CA,iOS,2025-01-09
1777,UK,Android,2025-01-09
1778,US,PC,2025-01-10
1779,UK,iOS,2025-01-05
1780,NG,iOS,2025-01-03
1781,CA,PC,2025-01-06
1782,UK,Android,2025-01-02
1783,CA,Android,2025-01-09
1784,BR,PC,2025-01-07
1785,IN,PC,2025-01-05
1786,US,Android,2025-01-06
1787,US,Android,2025-01-08
1788,CA,iOS,2025-01-06
1789,DE,iOS,2025-01-09
1790,IN,Android,2025-01-10
1791,NG,iOS,2025-01-10
1792,BR,PC,2025-01-07
1793,UK,PC,2025-01-08
1794,US,iOS,2025-01-04
1795,DE,Android,2025-01-01
1796,US,iOS,2025-01-05
1797,BR,Android,2025-01-09
1798,US,iOS,2025-01-02
1799,DE,Android,2025-01-06
1800,DE,Android,2025-01-02
1801,CA,Android,2025-01-05
1802,DE,Android,2025-01-02
1803,DE,iOS,2025-01-08
1804,US,PC,2025-01-09
1805,CA,PC,2025-01-08
1806,CA,PC,2025-01-08
1807,CA,Android,2025-01-03
1808,DE,PC,2025-01-06
1809,CA,Android,2025-01-02
1810,BR,PC,2025-01-04
1811,US,iOS,2025-01-06
1812,NG,iOS,2025-01-07
1813,NG,Android,2025-01-01
1814,DE,Android,2025-01-09
1815,BR,PC,2025-01-05
1816,CA,iOS,2025-01-09
1817,US,PC,2025-01-06
1818,US,iOS,2025-01-06
1819,CA,Android,2025-01-07
1820,UK,PC,2025-01-09
1821,UK,Android,2025-01-02
1822,IN,PC,2025-01-06
1823,UK,PC,2025-01-01
1824,BR,PC,2025-01-05
1825,IN,Android,2025-01-09
1826,BR,Android,2025-01-09
1827,CA,iOS,2025-01-03
1828,BR,Android,2025-01-04
1829,NG,PC,2025-01-06
1830,BR,Android,2025-01-04
1831,UK,Android,2025-01-02
1832,BR,iOS,2025-01-04
1833,NG,Android,2025-01-05
1834,CA,iOS,2025-01-06
1835,UK,PC,2025-01-10
1836,CA,Android,2025-01-06
1837,BR,iOS,2025-01-04
1838,UK,iOS,2025-01-07
1839,US,PC,2025-01-08
1840,DE,PC,2025-01-05
1841,UK,PC,2025-01-05
1842,CA,iOS,2025-01-03
1843,IN,iOS,2025-01-09
1844,IN,iOS,2025-01-09
1845,IN,PC,2025-01-02
1846,NG,PC,2025-01-04
1847,UK,PC,2025-01-03
1848,DE,iOS,2025-01-10
1849,DE,iOS,2025-01-01
1850,US,PC,2025-01-03
1851,CA,PC,2025-01-04
1852,US,PC,2025-01-06
1853,DE,iOS,2025-01-03
1854,US,iOS,2025-01-06
1855,CA,iOS,2025-01-08
1856,IN,PC,2025-01-09
1857,UK,PC,2025-01-01
1858,NG,Android,2025-01-02
1859,DE,iOS,2025-01-01
1860,IN,PC,2025-01-10
1861,IN,iOS,2025-01-07
1862,UK,PC,2025-01-06
1863,IN,PC,2025-01-08
1864,UK,PC,2025-01-06
1865,IN,PC,2025-01-03
1866,UK,Android,2025-01-06
1867,CA,Android,2025-01-08
1868,IN,iOS,2025-01-01
1869,CA,PC,2025-01-07
1870,IN,PC,2025-01-05
1871,CA,iOS,2025-01-01
1872,US,PC,2025-01-03
1873,NG,iOS,2025-01-05
1874,BR,Android,2025-01-04
1875,UK,iOS,2025-01-03
1876,CA,Android,2025-01-07
1877,US,Android,2025-01-05
1878,BR,Android,2025-01-05
1879,IN,PC,2025-01-08
1880,CA,PC,2025-01-01
1881,UK,Android,2025-01-04
1882,US,PC,2025-01-01
1883,US,Android,2025-01-10
1884,IN,iOS,2025-01-02
1885,NG,iOS,2025-01-09
1886,US,iOS,2025-01-02
1887,NG,PC,2025-01-04
1888,UK,Android,2025-01-07
1889,CA,Android,2025-01-09
1890,DE,Android,2025-01-02
1891,US,PC,2025-01-03
1892,US,Android,2025-01-09
1893,BR,iOS,2025-01-04
1894,NG,iOS,2025-01-03
1895,CA,Android,2025-01-08
1896,IN,Android,2025-01-01
1897,NG,PC,2025-01-09
1898,BR,Android,2025-01-09
1899,IN,PC,2025-01-09
1900,UK,Android,2025-01-03
1901,DE,Android,2025-01-02
1902,DE,Android,2025-01-05
1903,IN,Android,2025-01-04
1904,US,PC,2025-01-10
1905,UK,iOS,2025-01-07
1906,US,Android,2025-01-10
1907,UK,iOS,2025-01-08
1908,US,PC,2025-01-08
1909,CA,PC,2025-01-02
1910,BR,Android,2025-01-01
1911,CA,PC,2025-01-01
1912,BR,Android,2025-01-06
1913,CA,iOS,2025-01-03
1914,IN,Android,2025-01-10
1915,UK,PC,2025-01-02
1916,DE,iOS,2025-01-10
1917,US,iOS,2025-01-07
1918,DE,iOS,2025-01-02
1919,DE,PC,2025-01-01
1920,DE,Android,2025-01-04
1921,UK,PC,2025-01-04
1922,DE,PC,2025-01-04
1923,IN,Android,2025-01-06
1924,DE,PC,2025-01-02
1925,UK,iOS,2025-01-02
1926,CA,iOS,2025-01-07
1927,UK,Android,2025-01-10
1928,CA,Android,2025-01-03
1929,US,iOS,2025-01-10
1930,BR,iOS,2025-01-04
1931,CA,iOS,2025-01-04
1932,DE,PC,2025-01-01
1933,IN,PC,2025-01-05
1934,BR,PC,2025-01-05
1935,US,Android,2025-01-07
1936,US,Android,2025-01-02
1937,UK,PC,2025-01-02
1938,DE,Android,2025-01-05
1939,BR,iOS,2025-01-01
1940,US,Android,2025-01-02
1941,US,PC,2025-01-07
1942,US,Android,2025-01-10
1943,BR,PC,2025-01-06
1944,CA,PC,2025-01-02
1945,UK,iOS,2025-01-10
1946,CA,PC,2025-01-06
1947,US,Android,2025-01-08
1948,BR,Android,2025-01-02
1949,CA,iOS,2025-01-06
1950,UK,Android,2025-01-01
1951,BR,iOS,2025-01-07
1952,NG,iOS,2025-01-03
1953,CA,PC,2025-01-10
1954,DE,iOS,2025-01-01
1955,BR,Android,2025-01-07
1956,UK,iOS,2025-01-02
1957,DE,iOS,2025-01-07
1958,DE,Android,2025-01-05
1959,NG,PC,2025-01-10
1960,US,PC,2025-01-07
1961,IN,Android,2025-01-04
1962,BR,Android,2025-01-01
1963,CA,PC,2025-01-06
1964,IN,iOS,2025-01-05
1965,IN,PC,2025-01-01
1966,IN,iOS,2025-01-06
1967,UK,iOS,2025-01-03
1968,DE,Android,2025-01-03
1969,IN,iOS,2025-01-01
1970,US,PC,2025-01-04
1971,IN,PC,2025-01-03
1972,BR,Android,2025-01-01
1973,NG,PC,2025-01-05
1974,UK,PC,2025-01-03
1975,DE,PC,2025-01-02
1976,CA,PC,2025-01-05
1977,BR,Android,2025-01-01
1978,UK,iOS,2025-01-10
1979,CA,PC,2025-01-05
1980,IN,Android,2025-01-10
1981,NG,PC,2025-01-09
1982,NG,PC,2025-01-10
1983,CA,iOS,2025-01-06
1984,IN,Android,2025-01-05
1985,NG,iOS,2025-01-08
1986,IN,iOS,2025-01-01
1987,IN,PC,2025-01-09
1988,US,PC,2025-01-04
1989,US,PC,2025-01-01
1990,BR,PC,2025-01-03
1991,DE,Android,2025-01-03
1992,DE,Android,2025-01-01
1993,UK,PC,2025-01-07
1994,NG,Android,2025-01-01
1995,IN,Android,2025-01-09
1996,CA,iOS,2025-01-05
1997,DE,PC,2025-01-08
1998,BR,PC,2025-01-04
1999,US,PC,2025-01-02
2000,US,Android,2025-01-02
2001,BR,iOS,2025-01-07
2002,CA,iOS,2025-01-08
2003,UK,Android,2025-01-03
2004,DE,PC,2025-01-04
2005,IN,PC,2025-01-10
2006,CA,PC,2025-01-09
2007,DE,Android,2025-01-05
2008,US,PC,2025-01-03
2009,IN,PC,2025-01-04
2010,NG,iOS,2025-01-06
2011,DE,PC,2025-01-06
2012,UK,iOS,2025-01-02
2013,US,Android,2025-01-01
2014,BR,PC,2025-01-05
2015,NG,Android,2025-01-08
2016,UK,PC,2025-01-02
2017,UK,iOS,2025-01-05
2018,IN,Android,2025-01-02
2019,IN,PC,2025-01-03
2020,DE,Android,2025-01-07
2021,UK,PC,2025-01-03
2022,NG,Android,2025-01-03
2023,NG,PC,2025-01-10
2024,NG,Android,2025-01-02
2025,CA,PC,2025-01-02
2026,DE,iOS,2025-01-10
2027,NG,iOS,2025-01-06
2028,BR,iOS,2025-01-01
2029,DE,PC,2025-01-05
2030,UK,iOS,2025-01-06
2031,DE,iOS,2025-01-03
2032,US,PC,2025-01-06
2033,CA,Android,2025-01-07
2034,NG,iOS,2025-01-03
2035,BR,iOS,2025-01-09
2036,IN,iOS,2025-01-05
2037,NG,PC,2025-01-10
2038,CA,Android,2025-01-01
2039,BR,PC,2025-01-04
2040,DE,iOS,2025-01-08
2041,UK,Android,2025-01-09
2042,BR,iOS,2025-01-03
2043,IN,Android,2025-01-10
2044,IN,Android,2025-01-02
2045,US,PC,2025-01-05
2046,BR,Android,2025-01-04
2047,DE,PC,2025-01-05
2048,DE,Android,2025-01-10
2049,IN,iOS,2025-01-08
2050,NG,PC,2025-01-08
2051,US,Android,2025-01-03
2052,UK,iOS,2025-01-10
2053,UK,PC,2025-01-05
2054,BR,PC,2025-01-07
2055,IN,iOS,2025-01-07
2056,UK,PC,2025-01-07
2057,IN,PC,2025-01-07
2058,IN,PC,2025-01-05
2059,UK,iOS,2025-01-07
2060,UK,Android,2025-01-10
2061,BR,Android,2025-01-04
2062,DE,Android,2025-01-06
2063,US,Android,2025-01-02
2064,IN,Android,2025-01-04
2065,NG,Android,2025-01-08
2066,DE,PC,2025-01-07
2067,IN,Android,2025-01-03
2068,BR,iOS,2025-01-06
2069,UK,iOS,2025-01-09
2070,UK,PC,2025-01-02
2071,US,PC,2025-01-01
2072,NG,Android,2025-01-04
2073,UK,iOS,2025-01-07
2074,UK,PC,2025-01-04
2075,NG,iOS,2025-01-09
2076,UK,Android,2025-01-09
2077,DE,iOS,2025-01-06
2078,DE,iOS,2025-01-04
2079,US,PC,2025-01-01
2080,CA,Android,2025-01-09
2081,IN,iOS,2025-01-09
2082,CA,Android,2025-01-05
2083,UK,iOS,2025-01-06
2084,NG,Android,2025-01-08
2085,CA,Android,2025-01-07
2086,NG,Android,2025-01-02
2087,IN,PC,2025-01-07
2088,NG,iOS,2025-01-10
2089,UK,iOS,2025-01-08
2090,CA,Android,2025-01-05
2091,BR,PC,2025-01-06
2092,UK,Android,2025-01-03
2093,IN,iOS,2025-01-07
2094,US,PC,2025-01-03
2095,US,Android,2025-01-04
2096,IN,iOS,2025-01-03
2097,BR,Android,2025-01-04
2098,BR,iOS,2025-01-04
2099,IN,PC,2025-01-01
2100,US,iOS,2025-01-08
2101,BR,Android,2025-01-05
2102,NG,Android,2025-01-10
2103,US,iOS,2025-01-02
2104,CA,Android,2025-01-07
2105,BR,iOS,2025-01-02
2106,US,Android,2025-01-06
2107,IN,PC,2025-01-05
2108,CA,PC,2025-01-05
2109,US,iOS,2025-01-07
2110,US,iOS,2025-01-09
2111,US,Android,2025-01-04
2112,NG,PC,2025-01-09
2113,BR,PC,2025-01-02
2114,BR,iOS,2025-01-03
2115,IN,iOS,2025-01-04
2116,US,iOS,2025-01-10
2117,BR,iOS,2025-01-02
2118,DE,Android,2025-01-04
2119,DE,PC,2025-01-05
2120,NG,iOS,2025-01-09
2121,IN,PC,2025-01-05
2122,BR,Android,2025-01-10
2123,NG,Android,2025-01-08
2124,NG,PC,2025-01-08
2125,IN,iOS,2025-01-08
2126,US,PC,2025-01-02
2127,UK,iOS,2025-01-05
2128,NG,Android,2025-01-06
2129,CA,PC,2025-01-03
2130,UK,Android,2025-01-02
2131,IN,iOS,2025-01-02
2132,BR,Android,2025-01-08
2133,DE,Android,2025-01-07
2134,UK,iOS,2025-01-03
2135,DE,PC,2025-01-08
2136,NG,iOS,2025-01-07
2137,DE,Android,2025-01-09
2138,CA,Android,2025-01-10
2139,DE,iOS,2025-01-09
2140,UK,PC,2025-01-02
2141,NG,Android,2025-01-08
2142,BR,iOS,2025-01-04
2143,BR,Android,2025-01-05
2144,NG,Android,2025-01-07
2145,UK,Android,2025-01-07
2146,DE,PC,2025-01-05
2147,US,Android,2025-01-10
2148,BR,PC,2025-01-02
2149,IN,Android,2025-01-01
2150,IN,Android,2025-01-01
2151,UK,iOS,2025-01-09
2152,UK,Android,2025-01-05
2153,IN,iOS,2025-01-05
2154,DE,PC,2025-01-07
2155,NG,PC,2025-01-05
2156,DE,PC,2025-01-06
2157,DE,PC,2025-01-01
2158,NG,iOS,2025-01-02
2159,IN,iOS,2025-01-10
2160,UK,PC,2025-01-05
2161,IN,Android,2025-01-02
2162,US,iOS,2025-01-04
2163,UK,iOS,2025-01-04
2164,BR,PC,2025-01-03
2165,BR,Android,2025-01-03
2166,BR,iOS,2025-01-08
2167,UK,PC,2025-01-02
2168,IN,iOS,2025-01-04
2169,BR,Android,2025-01-05
2170,BR,iOS,2025-01-06
2171,CA,Android,2025-01-09
2172,IN,Android,2025-01-10
2173,BR,PC,2025-01-03
2174,IN,Android,2025-01-06
2175,US,iOS,2025-01-01
2176,IN,iOS,2025-01-07
2177,CA,iOS,2025-01-02
2178,DE,Android,2025-01-01
2179,NG,iOS,2025-01-07
2180,DE,Android,2025-01-02
2181,NG,PC,2025-01-05
2182,US,PC,2025-01-02
2183,NG,Android,2025-01-08
2184,NG,PC,2025-01-08
2185,NG,PC,2025-01-06
2186,UK,Android,2025-01-09
2187,UK,PC,2025-01-05
2188,US,iOS,2025-01-02
2189,DE,PC,2025-01-02
2190,NG,iOS,2025-01-03
2191,UK,PC,2025-01-03
2192,UK,PC,2025-01-04
2193,UK,Android,2025-01-03
2194,US,iOS,2025-01-06
2195,NG,Android,2025-01-02
2196,IN,Android,2025-01-07
2197,UK,PC,2025-01-04
2198,BR,PC,2025-01-07
2199,DE,Android,2025-01-06
2200,US,PC,2025-01-10
2201,UK,Android,2025-01-05
2202,CA,Android,2025-01-03
2203,CA,PC,2025-01-06
2204,UK,PC,2025-01-07
2205,DE,Android,2025-01-05
2206,IN,Android,2025-01-06
2207,CA,PC,2025-01-05
2208,IN,PC,2025-01-04
2209,US,Android,2025-01-04
2210,CA,iOS,2025-01-10
2211,NG,iOS,2025-01-07
2212,IN,iOS,2025-01-01
2213,NG,Android,2025-01-10
2214,CA,Android,2025-01-08
2215,CA,PC,2025-01-01
2216,UK,iOS,2025-01-08
2217,DE,PC,2025-01-06
2218,BR,Android,2025-01-10
2219,UK,iOS,2025-01-05
2220,US,Android,2025-01-06
2221,BR,iOS,2025-01-04
2222,US,PC,2025-01-04
2223,CA,PC,2025-01-07
2224,UK,PC,2025-01-09
2225,UK,Android,2025-01-09
2226,NG,Android,2025-01-08
2227,BR,iOS,2025-01-07
2228,BR,PC,2025-01-06
2229,UK,iOS,2025-01-04
2230,BR,iOS,2025-01-08
2231,NG,iOS,2025-01-04
2232,CA,Android,2025-01-03
2233,BR,iOS,2025-01-09
2234,CA,iOS,2025-01-06
2235,NG,Android,2025-01-04
2236,IN,PC,2025-01-09
2237,US,Android,2025-01-10
2238,US,PC,2025-01-04
2239,DE,PC,2025-01-06
2240,BR,PC,2025-01-05
2241,US,Android,2025-01-08
2242,NG,PC,2025-01-10
2243,DE,PC,2025-01-06
2244,CA,PC,2025-01-08
2245,NG,Android,2025-01-06
2246,IN,iOS,2025-01-09
2247,NG,Android,2025-01-05
2248,US,PC,2025-01-04
2249,US,PC,2025-01-05
2250,UK,Android,2025-01-10
2251,DE,iOS,2025-01-07
2252,DE,Android,2025-01-02
2253,US,PC,2025-01-01
2254,DE,Android,2025-01-06
2255,UK,Android,2025-01-09
2256,NG,Android,2025-01-05
2257,IN,iOS,2025-01-06
2258,NG,iOS,2025-01-08
2259,CA,PC,2025-01-06
2260,BR,iOS,2025-01-10
2261,CA,PC,2025-01-07
2262,BR,iOS,2025-01-08
2263,CA,Android,2025-01-08
2264,DE,Android,2025-01-07
2265,CA,PC,2025-01-01
2266,CA,PC,2025-01-05
2267,NG,Android,2025-01-02
2268,IN,Android,2025-01-06
2269,CA,PC,2025-01-02
2270,BR,Android,2025-01-06
2271,UK,iOS,2025-01-04
2272,UK,Android,2025-01-01
2273,UK,iOS,2025-01-02
2274,DE,Android,2025-01-06
2275,US,Android,2025-01-01
2276,UK,iOS,2025-01-09
2277,US,iOS,2025-01-08
2278,CA,PC,2025-01-08
2279,UK,Android,2025-01-02
2280,NG,iOS,2025-01-08
2281,IN,PC,2025-01-07
2282,UK,PC,2025-01-04
2283,UK,PC,2025-01-01
2284,IN,PC,2025-01-06
2285,NG,PC,2025-01-08
2286,IN,Android,2025-01-01
2287,BR,iOS,2025-01-01
2288,IN,PC,2025-01-04
2289,BR,iOS,2025-01-06
2290,UK,iOS,2025-01-05
2291,UK,PC,2025-01-05
2292,UK,PC,2025-01-03
2293,US,Android,2025-01-01
2294,IN,PC,2025-01-01
2295,IN,PC,2025-01-01
2296,IN,PC,2025-01-07
2297,US,iOS,2025-01-08
2298,DE,Android,2025-01-05
2299,US,iOS,2025-01-01
2300,BR,PC,2025-01-05
2301,US,iOS,2025-01-10
2302,US,PC,2025-01-03
2303,DE,iOS,2025-01-05
2304,BR,Android,2025-01-06
2305,BR,iOS,2025-01-04
2306,CA,PC,2025-01-05
2307,UK,Android,2025-01-05
2308,US,PC,2025-01-05
2309,UK,iOS,2025-01-08
2310,DE,Android,2025-01-06
2311,US,PC,2025-01-01
2312,CA,PC,2025-01-01
2313,DE,iOS,2025-01-05
2314,CA,Android,2025-01-10
2315,US,Android,2025-01-01
2316,CA,Android,2025-01-01
2317,CA,Android,2025-01-07
2318,DE,iOS,2025-01-05
2319,IN,PC,2025-01-03
2320,IN,iOS,2025-01-03
2321,CA,iOS,2025-01-07
2322,CA,PC,2025-01-06
2323,UK,PC,2025-01-07
2324,NG,Android,2025-01-03
2325,IN,PC,2025-01-06
2326,IN,Android,2025-01-09
2327,UK,Android,2025-01-04
2328,US,iOS,2025-01-04
2329,CA,iOS,2025-01-02
2330,US,Android,2025-01-07
2331,CA,Android,2025-01-01
2332,BR,PC,2025-01-03
2333,US,Android,2025-01-08
2334,IN,PC,2025-01-01
2335,DE,Android,2025-01-10
2336,DE,iOS,2025-01-05
2337,DE,PC,2025-01-04
2338,IN,Android,2025-01-06
2339,CA,Android,2025-01-07
2340,CA,Android,2025-01-05
2341,UK,iOS,2025-01-09
2342,UK,Android,2025-01-10
2343,DE,Android,2025-01-03
2344,IN,Android,2025-01-08
2345,NG,iOS,2025-01-04
2346,US,Android,2025-01-10
2347,UK,Android,2025-01-03
2348,IN,Android,2025-01-03
2349,US,iOS,2025-01-08
2350,DE,Android,2025-01-08
2351,DE,iOS,2025-01-02
2352,IN,Android,2025-01-06
2353,IN,iOS,2025-01-04
2354,DE,Android,2025-01-07
2355,UK,PC,2025-01-06
2356,UK,PC,2025-01-10
2357,UK,PC,2025-01-10
2358,US,PC,2025-01-07
2359,NG,iOS,2025-01-07
2360,US,Android,2025-01-09
2361,NG,Android,2025-01-02
2362,IN,PC,2025-01-08
2363,BR,Android,2025-01-08
2364,CA,PC,2025-01-02
2365,IN,iOS,2025-01-09
2366,CA,iOS,2025-01-07
2367,UK,iOS,2025-01-04
2368,US,Android,2025-01-05
2369,US,Android,2025-01-05
2370,US,iOS,2025-01-10
2371,CA,PC,2025-01-10
2372,IN,PC,2025-01-09
2373,CA,Android,2025-01-07
2374,UK,iOS,2025-01-02
2375,NG,PC,2025-01-10
2376,BR,PC,2025-01-02
2377,IN,iOS,2025-01-02
2378,CA,iOS,2025-01-01
2379,BR,Android,2025-01-10
2380,NG,Android,2025-01-05
2381,US,iOS,2025-01-03
2382,DE,PC,2025-01-01
2383,BR,Android,2025-01-05
2384,UK,Android,2025-01-08
2385,US,iOS,2025-01-10
2386,BR,PC,2025-01-06
2387,BR,iOS,2025-01-07
2388,BR,PC,2025-01-09
2389,BR,Android,2025-01-10
2390,BR,PC,2025-01-03
2391,DE,iOS,2025-01-10
2392,US,iOS,2025-01-06
2393,NG,PC,2025-01-10
2394,US,PC,2025-01-02
2395,DE,Android,2025-01-01
2396,NG,iOS,2025-01-09
2397,BR,PC,2025-01-07
2398,UK,Android,2025-01-02
2399,US,PC,2025-01-09
2400,IN,PC,2025-01-02
2401,CA,PC,2025-01-07
2402,DE,PC,2025-01-03
2403,IN,PC,2025-01-01
2404,DE,Android,2025-01-09
2405,UK,iOS,2025-01-09
2406,IN,Android,2025-01-02
2407,UK,PC,2025-01-01
2408,NG,PC,2025-01-07
2409,DE,Android,2025-01-01
2410,CA,PC,2025-01-08
2411,DE,iOS,2025-01-10
2412,CA,Android,2025-01-08
2413,BR,Android,2025-01-03
2414,NG,PC,2025-01-02
2415,UK,iOS,2025-01-07
2416,DE,iOS,2025-01-01
2417,NG,Android,2025-01-06
2418,US,iOS,2025-01-05
2419,UK,Android,2025-01-08
2420,UK,Android,2025-01-03
2421,US,PC,2025-01-08
2422,IN,PC,2025-01-07
2423,CA,iOS,2025-01-03
2424,IN,iOS,2025-01-04
2425,UK,iOS,2025-01-01
2426,DE,iOS,2025-01-05
2427,US,PC,2025-01-03
2428,UK,iOS,2025-01-02
2429,IN,iOS,2025-01-06
2430,US,PC,2025-01-06
2431,CA,PC,2025-01-01
2432,DE,iOS,2025-01-02
2433,US,iOS,2025-01-01
2434,UK,Android,2025-01-07
2435,DE,Android,2025-01-04
2436,DE,PC,2025-01-01
2437,NG,Android,2025-01-02
2438,NG,iOS,2025-01-10
2439,IN,Android,2025-01-03
2440,CA,Android,2025-01-07
2441,UK,Android,2025-01-05
2442,CA,Android,2025-01-02
2443,CA,PC,2025-01-04
2444,US,PC,2025-01-01
2445,NG,iOS,2025-01-08
2446,BR,Android,2025-01-04
2447,IN,PC,2025-01-05
2448,NG,Android,2025-01-02
2449,IN,Android,2025-01-09
2450,US,iOS,2025-01-03
2451,IN,iOS,2025-01-06
2452,BR,PC,2025-01-09
2453,CA,PC,2025-01-08
2454,DE,PC,2025-01-07
2455,IN,iOS,2025-01-09
2456,DE,iOS,2025-01-02
2457,IN,iOS,2025-01-10
2458,BR,Android,2025-01-06
2459,DE,Android,2025-01-05
2460,CA,PC,2025-01-03
2461,UK,PC,2025-01-08
2462,US,iOS,2025-01-10
2463,DE,PC,2025-01-07
2464,NG,iOS,2025-01-01
2465,DE,iOS,2025-01-05
2466,US,Android,2025-01-08
2467,UK,iOS,2025-01-04
2468,NG,Android,2025-01-08
2469,CA,Android,2025-01-08
2470,US,iOS,2025-01-01
2471,BR,Android,2025-01-06
2472,CA,Android,2025-01-02
2473,UK,PC,2025-01-05
2474,US,iOS,2025-01-04
2475,CA,iOS,2025-01-09
2476,UK,Android,2025-01-09
2477,DE,iOS,2025-01-05
2478,US,PC,2025-01-06
2479,CA,iOS,2025-01-07
2480,CA,Android,2025-01-07
2481,NG,PC,2025-01-07
2482,BR,iOS,2025-01-08
2483,US,iOS,2025-01-10
2484,UK,PC,2025-01-09
2485,UK,Android,2025-01-02
2486,UK,iOS,2025-01-05
2487,US,iOS,2025-01-05
2488,CA,PC,2025-01-06
2489,DE,PC,2025-01-06
2490,UK,Android,2025-01-08
2491,UK,Android,2025-01-05
2492,US,PC,2025-01-03
2493,BR,iOS,2025-01-05
2494,NG,iOS,2025-01-09
2495,UK,PC,2025-01-04
2496,US,iOS,2025-01-01
2497,IN,PC,2025-01-10
2498,BR,Android,2025-01-02
2499,CA,PC,2025-01-07
2500,BR,iOS,2025-01-09
2501,NG,PC,2025-01-03
2502,CA,iOS,2025-01-04
2503,IN,iOS,2025-01-03
2504,CA,PC,2025-01-02
2505,CA,Android,2025-01-02
2506,CA,PC,2025-01-02
2507,DE,iOS,2025-01-05
2508,NG,iOS,2025-01-06
2509,UK,Android,2025-01-01
2510,CA,PC,2025-01-09
2511,US,Android,2025-01-07
2512,IN,PC,2025-01-01
2513,BR,PC,2025-01-09
2514,IN,PC,2025-01-01
2515,CA,Android,2025-01-06
2516,IN,PC,2025-01-05
2517,NG,Android,2025-01-06
2518,DE,PC,2025-01-10
2519,US,Android,2025-01-10
2520,BR,Android,2025-01-03
2521,DE,Android,2025-01-06
2522,CA,Android,2025-01-10
2523,US,PC,2025-01-08
2524,UK,PC,2025-01-09
2525,CA,Android,2025-01-05
2526,UK,iOS,2025-01-03
2527,DE,Android,2025-01-06
2528,BR,iOS,2025-01-09
2529,CA,iOS,2025-01-10
2530,NG,iOS,2025-01-07
2531,BR,Android,2025-01-08
2532,IN,PC,2025-01-06
2533,BR,Android,2025-01-04
2534,US,Android,2025-01-05
2535,IN,iOS,2025-01-05
2536,BR,PC,2025-01-09
2537,UK,iOS,2025-01-06
2538,DE,PC,2025-01-08
2539,DE,PC,2025-01-01
2540,DE,PC,2025-01-08
2541,UK,iOS,2025-01-06
2542,BR,iOS,2025-01-10
2543,BR,iOS,2025-01-05
2544,UK,PC,2025-01-05
2545,IN,iOS,2025-01-02
2546,UK,PC,2025-01-09
2547,IN,iOS,2025-01-08
2548,NG,iOS,2025-01-09
2549,DE,iOS,2025-01-01
2550,CA,PC,2025-01-03
2551,NG,Android,2025-01-09
2552,UK,Android,2025-01-01
2553,US,Android,2025-01-06
2554,US,Android,2025-01-05
2555,BR,Android,2025-01-10
2556,CA,Android,2025-01-09
2557,IN,iOS,2025-01-09
2558,BR,iOS,2025-01-03
2559,CA,Android,2025-01-06
2560,NG,iOS,2025-01-08
2561,NG,Android,2025-01-10
2562,UK,iOS,2025-01-01
2563,NG,PC,2025-01-10
2564,UK,iOS,2025-01-04
2565,DE,iOS,2025-01-02
2566,DE,Android,2025-01-07
2567,IN,iOS,2025-01-08
2568,NG,Android,2025-01-02
2569,UK,iOS,2025-01-01
2570,BR,iOS,2025-01-09
2571,IN,PC,2025-01-10
2572,BR,PC,2025-01-02
2573,IN,iOS,2025-01-10
2574,UK,PC,2025-01-10
2575,IN,PC,2025-01-10
2576,UK,Android,2025-01-03
2577,US,Android,2025-01-06
2578,DE,PC,2025-01-10
2579,BR,Android,2025-01-10
2580,DE,Android,2025-01-07
2581,UK,Android,2025-01-02
2582,DE,PC,2025-01-01
2583,UK,PC,2025-01-03
2584,NG,iOS,2025-01-01
2585,UK,Android,2025-01-02
2586,DE,PC,2025-01-01
2587,UK,iOS,2025-01-08
2588,UK,PC,2025-01-06
2589,BR,PC,2025-01-06
2590,UK,PC,2025-01-09
2591,CA,iOS,2025-01-05
2592,UK,Android,2025-01-05
2593,DE,Android,2025-01-03
2594,CA,Android,2025-01-05
2595,UK,PC,2025-01-02
2596,US,Android,2025-01-06
2597,DE,Android,2025-01-10
2598,IN,PC,2025-01-06
2599,BR,PC,2025-01-03
2600,UK,PC,2025-01-07
2601,BR,Android,2025-01-09
2602,US,PC,2025-01-05
2603,IN,iOS,2025-01-03
2604,DE,Android,2025-01-08
2605,IN,Android,2025-01-02
2606,IN,iOS,2025-01-10
2607,DE,Android,2025-01-04
2608,US,Android,2025-01-04
2609,DE,Android,2025-01-08
2610,IN,iOS,2025-01-01
2611,BR,iOS,2025-01-03
2612,BR,iOS,2025-01-02
2613,US,Android,2025-01-04
2614,NG,iOS,2025-01-06
2615,CA,Android,2025-01-02
2616,NG,PC,2025-01-04
2617,BR,PC,2025-01-08
2618,CA,iOS,2025-01-10
2619,NG,PC,2025-01-01
2620,BR,iOS,2025-01-07
2621,IN,iOS,2025-01-01
2622,UK,iOS,2025-01-06
2623,CA,iOS,2025-01-09
2624,BR,PC,2025-01-08
2625,BR,iOS,2025-01-03
2626,NG,PC,2025-01-03
2627,BR,Android,2025-01-08
2628,CA,iOS,2025-01-09
2629,NG,Android,2025-01-03
2630,CA,iOS,2025-01-01
2631,BR,Android,2025-01-05
2632,NG,Android,2025-01-07
2633,BR,Android,2025-01-05
2634,DE,iOS,2025-01-10
2635,CA,PC,2025-01-09
2636,CA,Android,2025-01-08
2637,UK,iOS,2025-01-01
2638,IN,Android,2025-01-09
2639,US,iOS,2025-01-08
2640,IN,PC,2025-01-04
2641,US,PC,2025-01-06
2642,DE,iOS,2025-01-09
2643,US,PC,2025-01-10
2644,DE,PC,2025-01-06
2645,DE,Android,2025-01-01
2646,CA,iOS,2025-01-07
2647,DE,PC,2025-01-07
2648,IN,PC,2025-01-01
2649,BR,PC,2025-01-09
2650,UK,PC,2025-01-03
2651,BR,PC,2025-01-09
2652,BR,PC,2025-01-06
2653,BR,iOS,2025-01-04
2654,UK,Android,2025-01-01
2655,IN,iOS,2025-01-01
2656,DE,iOS,2025-01-08
2657,CA,PC,2025-01-04
2658,US,PC,2025-01-09
2659,NG,Android,2025-01-03
2660,US,PC,2025-01-10
2661,DE,iOS,2025-01-10
2662,IN,iOS,2025-01-02
2663,US,PC,2025-01-07
2664,DE,Android,2025-01-10
2665,US,Android,2025-01-04
2666,DE,Android,2025-01-01
2667,US,iOS,2025-01-09
2668,BR,PC,2025-01-05
2669,CA,PC,2025-01-01
2670,BR,PC,2025-01-09
2671,IN,Android,2025-01-07
2672,IN,Android,2025-01-01
2673,IN,PC,2025-01-03
2674,US,Android,2025-01-01
2675,BR,Android,2025-01-10
2676,NG,iOS,2025-01-01
2677,BR,Android,2025-01-08
2678,BR,Android,2025-01-06
2679,NG,Android,2025-01-06
2680,UK,iOS,2025-01-09
2681,CA,iOS,2025-01-09
2682,CA,PC,2025-01-02
2683,UK,Android,2025-01-01
2684,IN,Android,2025-01-02
2685,DE,Android,2025-01-07
2686,DE,Android,2025-01-06
2687,US,PC,2025-01-01
2688,DE,iOS,2025-01-03
2689,NG,PC,2025-01-06
2690,BR,iOS,2025-01-08
2691,IN,Android,2025-01-04
2692,NG,Android,2025-01-10
2693,BR,PC,2025-01-10
2694,UK,iOS,2025-01-08
2695,BR,Android,2025-01-05
2696,UK,iOS,2025-01-09
2697,CA,iOS,2025-01-08
2698,UK,PC,2025-01-06
2699,CA,PC,2025-01-05
2700,CA,Android,2025-01-09
2701,BR,Android,2025-01-06
2702,IN,Android,2025-01-02
2703,US,iOS,2025-01-10
2704,IN,Android,2025-01-01
2705,CA,iOS,2025-01-07
2706,US,PC,2025-01-07
2707,NG,Android,2025-01-06
2708,UK,iOS,2025-01-01
2709,IN,Android,2025-01-05
2710,BR,PC,2025-01-09
2711,CA,iOS,2025-01-03
2712,CA,PC,2025-01-07
2713,BR,Android,2025-01-09
2714,DE,Android,2025-01-10
2715,DE,PC,2025-01-06
2716,DE,Android,2025-01-04
2717,DE,iOS,2025-01-07
2718,NG,PC,2025-01-05
2719,NG,iOS,2025-01-07
2720,US,Android,2025-01-08
2721,NG,PC,2025-01-08
2722,NG,Android,2025-01-03
2723,CA,PC,2025-01-08
2724,UK,Android,2025-01-06
2725,IN,iOS,2025-01-10
2726,NG,iOS,2025-01-07
2727,CA,Android,2025-01-09
2728,CA,iOS,2025-01-10
2729,NG,Android,2025-01-10
2730,DE,Android,2025-01-08
2731,BR,PC,2025-01-06
2732,DE,iOS,2025-01-02
2733,BR,PC,2025-01-04
2734,US,Android,2025-01-05
2735,DE,Android,2025-01-08
2736,CA,Android,2025-01-06
2737,NG,iOS,2025-01-05
2738,US,PC,2025-01-02
2739,DE,iOS,2025-01-08
2740,UK,iOS,2025-01-05
2741,US,PC,2025-01-01
2742,CA,Android,2025-01-03
2743,DE,PC,2025-01-09
2744,BR,Android,2025-01-02
2745,US,iOS,2025-01-05
2746,UK,iOS,2025-01-06
2747,US,Android,2025-01-01
2748,IN,iOS,2025-01-02
2749,UK,PC,2025-01-10
2750,BR,iOS,2025-01-06
2751,US,PC,2025-01-03
2752,CA,iOS,2025-01-02
2753,NG,iOS,2025-01-05
2754,NG,iOS,2025-01-08
2755,BR,iOS,2025-01-08
2756,BR,Android,2025-01-02
2757,BR,iOS,2025-01-08
2758,NG,Android,2025-01-09
2759,UK,Android,2025-01-03
2760,DE,iOS,2025-01-01
2761,CA,iOS,2025-01-10
2762,DE,iOS,2025-01-06
2763,UK,iOS,2025-01-08
2764,CA,iOS,2025-01-04
2765,US,iOS,2025-01-03
2766,DE,Android,2025-01-03
2767,UK,iOS,2025-01-03
2768,BR,iOS,2025-01-05
2769,DE,Android,2025-01-02
2770,BR,Android,2025-01-09
2771,NG,iOS,2025-01-06
2772,CA,iOS,2025-01-10
2773,US,Android,2025-01-06
2774,NG,iOS,2025-01-04
2775,DE,Android,2025-01-06
2776,UK,PC,2025-01-02
2777,DE,Android,2025-01-09
2778,BR,iOS,2025-01-08
2779,UK,PC,2025-01-02
2780,CA,iOS,2025-01-06
2781,UK,iOS,2025-01-06
2782,BR,iOS,2025-01-03
2783,IN,PC,2025-01-02
2784,IN,PC,2025-01-08
2785,BR,Android,2025-01-03
2786,CA,Android,2025-01-06
2787,US,Android,2025-01-03
2788,CA,Android,2025-01-07
2789,CA,Android,2025-01-01
2790,IN,PC,2025-01-04
2791,BR,PC,2025-01-06
2792,US,iOS,2025-01-05
2793,IN,Android,2025-01-07
2794,DE,PC,2025-01-02
2795,CA,Android,2025-01-05
2796,BR,iOS,2025-01-08
2797,BR,PC,2025-01-04
2798,DE,Android,2025-01-02
2799,NG,Android,2025-01-09
2800,UK,Android,2025-01-08
2801,IN,iOS,2025-01-07
2802,DE,Android,2025-01-08
2803,BR,Android,2025-01-08
2804,CA,PC,2025-01-08
2805,US,iOS,2025-01-06
2806,BR,iOS,2025-01-01
2807,UK,Android,2025-01-06
2808,UK,PC,2025-01-03
2809,IN,Android,2025-01-08
2810,US,Android,2025-01-05
2811,DE,PC,2025-01-10
2812,UK,Android,2025-01-06
2813,US,iOS,2025-01-06
2814,BR,PC,2025-01-10
2815,US,Android,2025-01-05
2816,CA,iOS,2025-01-04
2817,NG,Android,2025-01-04
2818,BR,PC,2025-01-09
2819,CA,Android,2025-01-08
2820,NG,Android,2025-01-02
2821,DE,Android,2025-01-05
2822,IN,PC,2025-01-04
2823,CA,PC,2025-01-07
2824,BR,iOS,2025-01-01
2825,NG,Android,2025-01-08
2826,IN,Android,2025-01-08
2827,UK,iOS,2025-01-03
2828,BR,PC,2025-01-02
2829,NG,iOS,2025-01-07
2830,CA,Android,2025-01-03
2831,BR,iOS,2025-01-10
2832,IN,iOS,2025-01-08
2833,UK,PC,2025-01-10
2834,DE,iOS,2025-01-06
2835,UK,iOS,2025-01-10
2836,DE,PC,2025-01-01
2837,BR,PC,2025-01-03
2838,BR,iOS,2025-01-01
2839,US,iOS,2025-01-07
2840,BR,PC,2025-01-06
2841,DE,PC,2025-01-03
2842,NG,PC,2025-01-04
2843,IN,Android,2025-01-07
2844,DE,iOS,2025-01-02
2845,DE,PC,2025-01-06
2846,DE,iOS,2025-01-07
2847,BR,iOS,2025-01-03
2848,UK,PC,2025-01-03
2849,US,Android,2025-01-04
2850,UK,iOS,2025-01-06
2851,US,iOS,2025-01-03
2852,UK,Android,2025-01-04
2853,CA,iOS,2025-01-06
2854,CA,PC,2025-01-02
2855,IN,Android,2025-01-06
2856,CA,Android,2025-01-02
2857,DE,Android,2025-01-02
2858,IN,Android,2025-01-03
2859,IN,Android,2025-01-03
2860,DE,PC,2025-01-01
2861,US,Android,2025-01-10
2862,BR,Android,2025-01-04
2863,IN,Android,2025-01-09
2864,NG,iOS,2025-01-10
2865,CA,PC,2025-01-09
2866,CA,Android,2025-01-09
2867,UK,PC,2025-01-02
2868,US,PC,2025-01-04
2869,BR,PC,2025-01-08
2870,US,PC,2025-01-06
2871,US,PC,2025-01-01
2872,BR,Android,2025-01-06
2873,IN,PC,2025-01-09
2874,US,iOS,2025-01-09
2875,UK,PC,2025-01-04
2876,DE,iOS,2025-01-03
2877,NG,PC,2025-01-04
2878,BR,iOS,2025-01-03
2879,BR,Android,2025-01-04
2880,BR,iOS,2025-01-04
2881,CA,iOS,2025-01-05
2882,US,PC,2025-01-01
2883,DE,PC,2025-01-03
2884,CA,iOS,2025-01-04
2885,UK,iOS,2025-01-02
2886,US,PC,2025-01-09
2887,BR,PC,2025-01-07
2888,CA,iOS,2025-01-10
2889,US,Android,2025-01-06
2890,US,iOS,2025-01-02
2891,US,PC,2025-01-10
2892,DE,Android,2025-01-05
2893,UK,iOS,2025-01-07
2894,BR,iOS,2025-01-04
2895,US,Android,2025-01-05
2896,DE,PC,2025-01-05
2897,NG,iOS,2025-01-03
2898,NG,PC,2025-01-06
2899,IN,Android,2025-01-08
2900,US,PC,2025-01-01
2901,DE,PC,2025-01-02
2902,IN,iOS,2025-01-09
2903,BR,iOS,2025-01-06
2904,NG,PC,2025-01-10
2905,NG,iOS,2025-01-07
2906,BR,iOS,2025-01-07
2907,NG,Android,2025-01-09
2908,BR,PC,2025-01-07
2909,CA,PC,2025-01-04
2910,UK,Android,2025-01-06
2911,CA,iOS,2025-01-03
2912,CA,Android,2025-01-04
2913,DE,PC,2025-01-07
2914,US,iOS,2025-01-02
2915,UK,Android,2025-01-07
2916,DE,iOS,2025-01-06
2917,NG,iOS,2025-01-04
2918,BR,iOS,2025-01-01
2919,IN,PC,2025-01-08
2920,UK,PC,2025-01-09
2921,UK,iOS,2025-01-08
2922,IN,PC,2025-01-05
2923,CA,Android,2025-01-07
2924,DE,PC,2025-01-05
2925,UK,PC,2025-01-04
2926,US,iOS,2025-01-04
2927,NG,PC,2025-01-03
2928,UK,Android,2025-01-10
2929,US,iOS,2025-01-07
2930,NG,iOS,2025-01-02
2931,US,PC,2025-01-09
2932,NG,Android,2025-01-02
2933,US,Android,2025-01-06
2934,DE,iOS,2025-01-02
2935,IN,PC,2025-01-04
2936,US,iOS,2025-01-07
2937,IN,iOS,2025-01-10
2938,IN,Android,2025-01-10
2939,BR,PC,2025-01-09
2940,US,iOS,2025-01-03
2941,IN,iOS,2025-01-01
2942,BR,Android,2025-01-10
2943,IN,iOS,2025-01-10
2944,US,Android,2025-01-03
2945,IN,iOS,2025-01-01
2946,CA,iOS,2025-01-07
2947,NG,iOS,2025-01-01
2948,DE,PC,2025-01-01
2949,DE,PC,2025-01-10
2950,DE,Android,2025-01-05
2951,CA,Android,2025-01-02
2952,DE,PC,2025-01-07
2953,BR,iOS,2025-01-04
2954,DE,Android,2025-01-06
2955,US,PC,2025-01-09
2956,BR,PC,2025-01-03
2957,CA,iOS,2025-01-07
2958,DE,PC,2025-01-09
2959,DE,Android,2025-01-05
2960,DE,PC,2025-01-10
2961,BR,iOS,2025-01-05
2962,UK,Android,2025-01-05
2963,BR,PC,2025-01-09
2964,CA,iOS,2025-01-07
2965,IN,PC,2025-01-09
2966,NG,iOS,2025-01-08
2967,US,PC,2025-01-08
2968,US,Android,2025-01-03
2969,IN,iOS,2025-01-04
2970,NG,iOS,2025-01-09
2971,NG,PC,2025-01-07
2972,CA,iOS,2025-01-03
2973,NG,Android,2025-01-04
2974,BR,iOS,2025-01-08
2975,CA,PC,2025-01-02
2976,DE,Android,2025-01-02
2977,DE,PC,2025-01-08
2978,BR,iOS,2025-01-03
2979,US,iOS,2025-01-08
2980,DE,Android,2025-01-06
2981,IN,Android,2025-01-10
2982,CA,PC,2025-01-06
2983,IN,PC,2025-01-09
2984,IN,PC,2025-01-09
2985,IN,iOS,2025-01-03
2986,NG,iOS,2025-01-10
2987,IN,PC,2025-01-08
2988,IN,Android,2025-01-02
2989,BR,PC,2025-01-01
2990,UK,Android,2025-01-03
2991,DE,iOS,2025-01-01
2992,NG,Android,2025-01-04
2993,US,PC,2025-01-10
2994,IN,Android,2025-01-05
2995,IN,iOS,2025-01-01
2996,NG,iOS,2025-01-05
2997,UK,PC,2025-01-03
2998,UK,PC,2025-01-09
2999,DE,PC,2025-01-01
3000,NG,iOS,2025-01-08
